IMG_20180506_191654.jpg,https://www.googleapis.com/download/storage/v1/b/python-clustering-api.appspot.com/o/images%2FAcceclowoc%2FIMG_20180506_191654.jpg?generation=1525615255201862&alt=media,"[1.36859167e+00 1.33564138e+00 7.32569695e-02 1.81845701e+00
 5.58292530e-02 3.28415513e-01 5.37809789e-01 4.06456590e-01
 1.20810080e+00 4.99271363e-01 1.56326637e-01 5.72752476e-01
 1.79360658e-01 6.87853917e-02 4.42351580e-01 5.58415130e-02
 1.21835805e-01 1.54470944e+00 1.92381721e-02 0.00000000e+00
 1.28705621e-01 2.07946792e-01 1.48598164e-01 9.43330467e-01
 2.77109057e-01 6.58657014e-01 2.52299812e-02 7.02201650e-02
 3.33257653e-02 6.15708381e-02 8.76238704e-01 1.36031961e+00
 1.54124439e+00 4.06087726e-01 1.23111486e+00 1.80647922e+00
 6.26916707e-01 2.32146502e-01 3.00071597e-01 8.89090300e-02
 1.63848698e-01 3.91583629e-02 1.83170915e-01 1.05636746e-01
 3.16407591e-01 9.10903633e-01 8.79520997e-02 1.22322595e+00
 5.28024197e-01 2.16129348e-01 1.16746768e-01 5.16212046e-01
 1.21199831e-01 6.36332929e-02 1.78036296e+00 2.17970562e+00
 6.43703699e-01 1.91057348e+00 1.02391994e+00 9.13881123e-01
 6.57630116e-02 6.00842655e-01 1.30530402e-01 4.22509164e-01
 1.84567678e+00 2.17325985e-01 1.33935654e+00 5.04649043e-01
 1.26554728e+00 1.04240015e-01 9.79164898e-01 5.33921719e-01
 7.79637247e-02 1.87947646e-01 1.31068933e+00 1.07165230e-02
 1.48915243e+00 2.71579158e-02 8.22221339e-02 7.54276812e-02
 7.84968853e-01 1.44677281e+00 2.61826444e+00 1.81009501e-01
 8.45712602e-01 3.56753707e-01 8.97084236e-01 2.09085271e-01
 1.70450673e-01 8.38370323e-01 1.93296939e-01 2.37511337e-01
 1.39017850e-01 2.41581008e-01 9.10060465e-01 8.66721034e-01
 2.03244352e+00 3.91371310e-01 7.51219451e-01 1.09362948e+00
 1.06507749e-03 1.55270338e-01 1.37739813e+00 1.08018482e+00
 1.66412568e+00 9.32179838e-02 6.59626842e-01 5.08189619e-01
 3.44851762e-02 2.93434691e-02 5.84287822e-01 4.83593881e-01
 2.51730233e-01 1.78511894e+00 5.98762126e-05 1.44230411e-03
 9.89867866e-01 3.65733840e-02 2.82270730e-01 4.11506742e-01
 7.72205591e-01 1.32128596e+00 7.29528517e-02 2.78755724e-01
 3.41431648e-02 0.00000000e+00 5.76200068e-01 8.28141809e-01
 4.22196686e-01 1.13211848e-01 2.69865084e+00 7.89943278e-01
 6.16982877e-01 1.75562251e+00 4.32110101e-01 1.93157339e+00
 2.31580194e-02 1.26103178e-01 1.64137274e-01 9.91480052e-01
 3.77823651e-01 2.19685063e-01 1.69248366e+00 9.06552374e-01
 6.73395574e-01 1.66429386e-01 7.33017266e-01 6.32806599e-01
 8.67091060e-01 1.64012158e+00 3.34819198e-01 1.02627170e+00
 1.87599182e-01 4.52520652e-03 1.46341586e+00 2.66470923e-03
 2.12823296e+00 0.00000000e+00 1.01961040e+00 3.03004444e-01
 2.53658271e+00 6.53413355e-01 3.57210159e-01 2.52734214e-01
 7.19374180e-01 3.09963040e-02 0.00000000e+00 7.53214955e-01
 6.35615051e-01 1.11032188e-01 9.51226771e-01 1.26091933e+00
 3.97976711e-02 1.39564589e-01 1.09579049e-01 1.19871867e+00
 2.07059868e-02 1.53385341e-01 9.00497735e-01 4.67903644e-01
 0.00000000e+00 2.85718888e-01 1.01901698e+00 1.46686149e+00
 9.20414746e-01 2.34772849e+00 1.80338368e-01 3.03400970e+00
 1.13245368e+00 1.20542109e-01 1.13261692e-01 1.06015079e-01
 1.27725840e+00 1.12667096e+00 2.31846180e-02 7.23166438e-03
 1.77275229e+00 3.90473396e-01 7.72796452e-01 6.06463850e-01
 2.61041760e-01 1.93807340e+00 0.00000000e+00 4.98788029e-01
 1.25148699e-01 1.88500452e+00 8.14861357e-01 8.07131648e-01
 2.03477144e+00 2.56314218e-01 1.10171270e-03 3.02959532e-01
 0.00000000e+00 3.34389478e-01 4.94053751e-01 2.28792548e+00
 2.26399992e-02 2.76266634e-01 8.35585713e-01 5.76713458e-02
 2.22376895e+00 4.57472146e-01 8.47963512e-01 5.05200505e-01
 2.96798050e-02 3.60999018e-01 2.93327987e-01 3.85653168e-01
 2.24918071e-02 4.08137292e-01 1.24140931e-02 5.76802075e-01
 8.59152019e-01 1.15139651e+00 2.62652189e-02 1.37521207e-01
 1.32843494e+00 9.77520287e-01 1.70096233e-02 1.68963504e+00
 3.76695916e-02 1.24959044e-01 6.02747679e-01 5.23820519e-02
 4.29473296e-02 9.51417565e-01 1.03754723e+00 2.40721107e-01
 7.94184148e-01 2.38402081e+00 7.52985299e-01 1.22983885e+00
 4.09675390e-01 8.00708950e-01 2.44538233e-01 1.53112280e+00
 5.97892284e-01 4.32593882e-01 1.22130504e-02 1.98979124e-01
 1.91678882e+00 3.23714852e-01 2.74986744e-01 9.41444576e-01
 3.12545970e-02 3.14526749e+00 1.33639526e+00 1.37360144e+00
 9.33311284e-01 2.42672369e-01 1.43968329e-01 4.44501758e-01
 5.52699864e-01 4.82392162e-01 1.26851629e-02 1.57817006e-01
 1.50986624e+00 1.78594208e+00 1.39793682e+00 2.65149802e-01
 6.89501986e-02 1.82885110e-01 1.45568681e+00 1.57442558e+00
 7.90533498e-02 1.49088264e-01 1.33233500e+00 1.07874060e+00
 4.04094070e-01 2.59740651e-01 1.21329501e-01 2.72074789e-01
 1.51954040e-01 4.40921873e-01 5.20982146e-01 8.96304697e-02
 4.32398587e-01 2.85588242e-02 1.22265875e+00 2.48448968e-01
 5.02693474e-01 0.00000000e+00 4.88700196e-02 7.91395977e-02
 1.58933491e-01 7.59952441e-02 1.66425481e-02 5.30104246e-03
 5.16909324e-02 3.33390474e-01 6.85329258e-01 1.09003916e-01
 1.03388906e+00 6.97423637e-01 2.21288633e+00 1.60962629e+00
 3.84539306e-01 5.77584803e-01 1.14047229e-01 1.41445863e+00
 3.00011778e+00 3.19814384e-02 1.15638292e+00 5.94302006e-02
 5.19662917e-01 3.97871912e-01 4.00841624e-01 1.22010643e-02
 8.08277503e-02 7.48899505e-02 4.10530508e-01 3.48276675e-01
 9.93174016e-01 1.56715736e-01 2.94786596e+00 3.00741494e-01
 1.40828609e+00 1.83030758e-02 4.61149603e-01 7.68792212e-01
 1.06215663e-01 1.10681601e-01 4.28134143e-01 4.70219278e+00
 1.25188005e+00 1.01887393e+00 1.27093518e+00 1.49919951e+00
 6.38970613e-01 9.52699959e-01 2.75217676e+00 1.74351454e-01
 2.35934317e-01 3.35587859e-01 1.12857091e+00 1.71912754e+00
 2.23727867e-01 8.32218647e-01 6.26783609e-01 2.27361232e-01
 2.01947880e+00 7.34937847e-01 1.74014747e+00 1.27083575e-03
 9.57226872e-01 5.53200364e-01 1.02847552e+00 1.77112028e-01
 2.77249670e+00 3.41315061e-01 8.74626860e-02 9.47095931e-01
 2.07736516e+00 4.17914629e-01 5.52370250e-01 6.29280031e-01
 1.02594815e-01 2.86240041e-01 1.19104576e+00 2.05689311e+00
 3.21333021e-01 1.83372509e+00 4.17664379e-01 6.50446415e-01
 1.01586193e-01 5.66051900e-01 1.25466669e+00 8.96068275e-01
 5.01330979e-02 8.17378685e-02 1.08398783e+00 5.96641675e-02
 7.09688246e-01 7.57137358e-01 2.91415304e-01 1.57216632e+00
 6.80506825e-01 1.37028670e+00 9.78342950e-01 1.08645916e+00
 0.00000000e+00 7.57026434e-01 2.58275181e-01 5.59295893e-01
 2.55702066e+00 7.73293614e-01 1.86524701e+00 6.53385699e-01
 9.70239714e-02 1.70701325e-01 1.56098843e+00 8.23776424e-01
 1.07830596e+00 6.39258385e-01 1.86789092e-02 4.39236701e-01
 8.84849787e-01 3.83163035e-01 2.81498939e-01 2.84146965e-02
 2.35865012e-01 9.05667245e-02 5.95680058e-01 1.76715136e+00
 4.06451464e-01 5.11742895e-03 1.03860247e+00 8.92294288e-01
 4.42495465e-01 1.28560746e+00 6.94065094e-02 1.16954492e-02
 9.84906018e-01 9.60037336e-02 6.33602560e-01 2.12849483e-01
 4.97403979e-01 9.77567732e-01 9.14467096e-01 2.44886100e-01
 6.41330052e-03 6.71737373e-01 2.04451662e-02 6.23583019e-01
 7.60205567e-01 3.30541879e-01 2.58794039e-01 1.12299860e-01
 2.30835652e+00 3.59241962e-01 9.27228272e-01 3.39147031e-01
 9.85859752e-01 1.56846666e+00 2.09604144e+00 2.90661573e-01
 3.43341947e-01 1.02146842e-01 1.61334550e+00 5.85010588e-01
 4.63308871e-01 1.11742198e+00 1.81111023e-01 5.61044157e-01
 3.27490121e-01 0.00000000e+00 1.09600019e+00 4.38394040e-01
 9.61043835e-01 2.12499470e-01 6.95519671e-02 1.41552404e-01
 2.90014178e-01 2.12773633e+00 1.12611127e+00 1.78466558e-01
 8.70159209e-01 3.99674749e+00 2.13178501e-01 2.24428073e-01
 2.38224983e+00 9.89607573e-02 1.88841844e+00 5.66222146e-02
 3.78745008e+00 4.15676944e-02 8.15907717e-01 2.64484644e+00
 7.21864760e-01 2.48752497e-02 3.11360478e-01 8.33175898e-01
 2.13064581e-01 3.98462504e-01 6.06868006e-02 0.00000000e+00
 4.00953174e-01 2.23185086e+00 1.89582296e-02 3.01869154e-01
 1.44956950e-02 5.80038488e-01 1.19023979e+00 6.22434378e-01
 3.25520694e-01 1.55290627e+00 1.77945137e+00 2.59613007e-01
 2.02120215e-01 2.90583223e-01 1.03424542e-01 3.87330092e-02]"
IMG_20180506_191645.jpg,https://www.googleapis.com/download/storage/v1/b/python-clustering-api.appspot.com/o/images%2FAcceclowoc%2FIMG_20180506_191645.jpg?generation=1525615258299822&alt=media,"[1.55730915e+00 9.05769646e-01 4.12135452e-01 2.00097585e+00
 1.21446264e+00 2.39621717e-02 6.05132103e-01 2.66841352e-01
 2.86116809e-01 8.57193768e-01 2.62429982e-01 2.77115893e+00
 1.84385419e-01 1.54372022e-01 1.88249207e+00 9.56048012e-01
 6.57153577e-02 8.44411671e-01 7.10597560e-02 1.59715307e+00
 1.33654189e+00 0.00000000e+00 6.28291070e-02 1.41401255e+00
 9.33428466e-01 2.60613471e-01 1.48181677e-01 2.00754672e-01
 1.95369795e-01 4.14910764e-01 1.39730275e+00 5.93630131e-03
 3.06894159e+00 1.87446848e-01 6.67870119e-02 2.14658356e+00
 1.36327684e-01 6.49944305e-01 8.70483160e-01 4.26181436e-01
 1.73528910e+00 7.64055312e-01 1.92605352e+00 9.72212479e-02
 1.29954755e-01 2.50660682e+00 8.57784599e-02 1.83768356e+00
 7.04081774e-01 8.05286989e-02 1.67093724e-01 1.65482163e+00
 1.78240347e+00 1.33545503e-01 1.67161000e+00 1.41862243e-01
 3.66623163e-01 4.10737514e-01 3.52387011e-01 8.85605872e-01
 4.13761288e-01 1.49322462e+00 1.10641308e-02 9.36605871e-01
 2.59635592e+00 1.43521726e-01 5.54200001e-02 1.03788757e+00
 7.11443305e-01 9.69195724e-01 1.67007046e-03 1.27670899e-01
 8.35188985e-01 7.35152960e-02 9.56533179e-02 1.67477250e-01
 2.67959505e-01 7.01009929e-01 1.11886179e+00 1.44243169e+00
 1.32646672e-02 1.80789864e+00 3.80374956e+00 5.79797864e-01
 8.62983465e-01 5.05340993e-01 7.04227686e-02 2.84088373e-01
 3.49735916e-01 1.03538610e-01 4.61593390e-01 2.28419256e+00
 3.88010949e-01 2.37487644e-01 1.14630926e+00 1.57346237e+00
 2.39643836e+00 8.09700847e-01 1.15058891e-01 1.35544121e+00
 1.06882956e-02 3.26325834e-01 1.68869659e-01 2.21083426e+00
 2.38682818e+00 9.34726775e-01 8.13879609e-01 3.26524258e+00
 1.47595322e+00 3.18911254e-01 2.18805484e-02 9.34312165e-01
 7.20495582e-01 1.09582222e+00 2.36253679e-01 3.82145077e-01
 1.31966639e+00 4.02809493e-02 1.21192886e-02 1.10070489e-01
 3.62750918e-01 3.74728054e-01 1.61400929e-01 2.51578772e-03
 5.09173516e-03 0.00000000e+00 6.50491059e-01 1.60585260e+00
 7.37294881e-03 1.45692870e-01 7.34205320e-02 5.59700847e-01
 2.31993532e+00 1.37353420e+00 9.45793748e-01 7.99775362e-01
 5.36915302e-01 5.72460473e-01 6.15086794e-01 7.32025728e-02
 1.86382651e-01 7.08199143e-02 1.96317732e+00 2.47578478e+00
 6.11094296e-01 5.47674783e-02 2.92192828e-02 1.31029868e+00
 9.46517706e-01 6.93739533e-01 4.84825611e+00 3.02926823e-03
 1.20285973e-02 5.41252553e-01 2.43427062e+00 2.50333156e-02
 5.94219089e-01 4.53413904e-01 5.27739763e-01 0.00000000e+00
 5.11830859e-02 6.99534297e-01 1.21495759e+00 2.05841467e-01
 6.66617632e-01 1.41733527e-01 1.80688396e-01 2.24190384e-01
 4.08648193e-01 1.75452137e+00 1.14353168e+00 2.15531182e+00
 1.54163279e-02 1.13131189e+00 7.29045272e-01 1.28090620e+00
 3.10060114e-01 3.51103127e-01 3.06192696e-01 4.54032421e-01
 1.39779687e-01 0.00000000e+00 4.86795068e-01 6.88254833e-01
 6.15440667e-01 2.97087789e-01 9.16839600e-01 2.41299963e+00
 1.26150250e+00 4.32066590e-01 1.26959014e+00 2.39884242e-01
 6.57588482e-01 6.18584394e-01 1.92634761e-01 3.27548593e-01
 7.87998796e-01 1.27024996e+00 8.29475105e-01 2.25046706e+00
 1.93076444e+00 1.91662051e-02 1.76346317e-01 1.26854956e+00
 0.00000000e+00 7.10077703e-01 4.01723236e-01 1.15042460e+00
 3.53905261e-01 1.90414533e-01 6.60772681e-01 4.99000341e-01
 1.24022555e+00 6.54096782e-01 1.14357281e+00 1.02860749e+00
 2.28285417e-01 2.37608925e-01 1.02986789e+00 2.55577412e-04
 7.11378276e-01 5.98969579e-01 1.11533928e+00 1.53284997e-01
 2.29950137e-02 1.57924414e+00 4.16284829e-01 2.78249145e-01
 3.73300835e-02 4.88379002e-01 2.07023096e+00 1.93614185e+00
 1.13507122e-01 8.87002349e-01 5.20003140e-01 1.87713778e+00
 8.98053825e-01 4.09082144e-01 3.59084725e-01 1.11029708e+00
 1.49264002e+00 9.12567675e-01 1.20422713e-01 1.62488568e+00
 9.39359367e-02 1.97772831e-01 2.46114421e+00 2.27829885e+00
 2.36340001e-01 7.54379034e-02 9.02402461e-01 1.20605029e-01
 8.14107596e-04 3.72916961e+00 6.27579028e-03 6.10395253e-01
 1.79606423e-01 7.60713279e-01 1.24297190e+00 2.18941376e-01
 2.69788599e+00 1.91486442e+00 6.30461216e-01 2.23403111e-01
 1.86008096e-01 3.04749870e+00 9.40827489e-01 1.61191750e+00
 7.04501271e-01 1.07884884e+00 3.34632806e-02 2.01629353e+00
 5.35423696e-01 1.47331422e-02 3.83503377e-01 4.14380044e-01
 1.36488810e-01 9.54259396e-01 1.13403283e-01 4.26683277e-01
 3.23950872e-02 8.18091333e-02 1.64415276e+00 1.40113306e+00
 1.35980666e-01 1.91648138e+00 1.60116091e-01 6.32622957e-01
 1.14691532e+00 8.69975328e-01 8.67128447e-02 6.73428416e-01
 6.33679926e-01 1.00925222e-01 1.07000165e-01 6.01809144e-01
 1.97036803e-01 3.42440814e-01 7.64122382e-02 3.37911755e-01
 1.01682305e+00 4.93321627e-01 1.29725682e-02 5.59260428e-01
 5.04546380e-03 9.41821098e-01 1.84674889e-01 5.90855181e-02
 2.30022922e-01 1.06828094e-01 9.69407707e-02 3.39495212e-01
 7.56719708e-01 7.89601445e-01 1.41951907e+00 3.53882462e-01
 2.20950678e-01 2.05728292e+00 1.00282586e+00 3.54721904e+00
 1.16992760e+00 3.12709123e-01 1.47914159e+00 1.30709827e+00
 3.05356532e-01 3.14569902e+00 7.24497139e-01 2.31112406e-01
 5.76652110e-01 1.78017843e+00 1.33450377e+00 5.01194298e-01
 4.27342117e-01 1.25459015e-01 2.92689133e+00 6.26293361e-01
 1.90121067e+00 5.26120842e-01 1.49441203e-02 9.88010466e-02
 1.11044459e-01 1.52328247e-02 3.30971271e-01 5.53666019e+00
 6.93815798e-02 1.38915777e+00 4.29699689e-01 1.76420227e-01
 1.00653756e+00 1.32645357e+00 1.09740138e-01 5.76392794e+00
 2.92757452e-01 5.91087230e-02 1.46631885e+00 2.14200560e-02
 1.27162322e-01 8.87968391e-02 1.12183321e+00 1.15542793e+00
 3.29820061e+00 6.61990583e-01 7.72480845e-01 1.38373935e+00
 2.84770012e+00 2.33747530e+00 0.00000000e+00 4.86465216e-01
 2.21124554e+00 3.60375810e+00 3.42836618e-01 1.20696202e-01
 2.09177089e+00 1.21113932e+00 3.21774185e-03 1.06137237e-02
 1.53404963e+00 5.49726605e-01 1.49848008e+00 5.15755272e+00
 1.95682541e-01 1.29674625e+00 5.37155807e-01 1.58138946e-01
 4.40436542e-01 9.39841790e-04 5.86273491e-01 3.95043015e-01
 8.58836062e-03 3.28525417e-02 5.57003021e-02 2.63571948e-01
 1.59294486e+00 2.50111043e-01 2.14969650e-01 3.46903592e-01
 1.37285423e+00 1.41826344e+00 8.20004821e-01 8.84536684e-01
 0.00000000e+00 8.37331712e-01 2.24038506e+00 7.46643007e-01
 1.28422165e+00 1.51495910e+00 1.96283579e+00 1.30611062e-01
 4.69637680e+00 0.00000000e+00 4.30451818e-02 9.93969977e-01
 1.56081021e-01 9.83630300e-01 1.06534719e+00 5.76081753e-01
 7.81130254e-01 7.23711431e-01 2.25993954e-02 7.18029618e-01
 1.26582921e-01 1.17678558e-02 6.57557845e-02 3.60792011e-01
 0.00000000e+00 3.22854251e-01 5.77387929e-01 5.58393836e-01
 1.77628076e+00 2.39341661e-01 9.24972594e-02 1.04696620e+00
 2.19571620e-01 5.05656242e-01 6.21702790e-01 4.07747746e-01
 4.67649579e-01 3.26392561e-01 1.34143388e+00 3.84531217e-03
 1.45396546e-01 3.78283650e-01 7.09801838e-02 1.91241038e+00
 7.46478260e-01 5.95372915e-01 5.38246393e-01 1.70564890e+00
 5.00814867e+00 2.32262060e-01 5.36837935e-01 2.38079876e-01
 1.97127283e-01 1.30105579e+00 2.98453379e+00 4.37107123e-03
 5.47562018e-02 8.21100891e-01 4.58215505e-01 1.42481878e-01
 5.94807304e-02 2.07154822e+00 1.11023521e+00 1.16282403e-01
 3.89458746e-01 4.38287228e-01 1.57341555e-01 1.54869747e+00
 3.10621977e-01 2.93871450e+00 3.54287118e-01 1.54593261e-02
 2.68566668e-01 1.27690146e-02 5.28703213e-01 4.38758641e-01
 1.96371779e-01 1.41331089e+00 7.74533868e-01 1.68685901e+00
 2.43348813e+00 1.14409757e+00 2.71323991e+00 8.18419531e-02
 1.69952393e+00 8.85825515e-01 1.13056004e+00 8.55603755e-01
 8.46886516e-01 1.26331031e+00 2.58630395e-01 2.22306252e-01
 5.58644891e-01 4.20554101e-01 8.28180492e-01 2.38933295e-01
 2.03068399e+00 3.85419226e+00 8.69292915e-02 2.94377708e+00
 1.83921948e-01 4.54905093e-01 3.96274775e-02 4.98550385e-01
 1.18661858e-01 1.78408551e+00 2.53871083e+00 8.23812127e-01
 8.92464280e-01 1.12953806e+00 1.45002231e-01 7.70041168e-01]"
IMG_20180506_191639.jpg,https://www.googleapis.com/download/storage/v1/b/python-clustering-api.appspot.com/o/images%2FAcceclowoc%2FIMG_20180506_191639.jpg?generation=1525615261812072&alt=media,"[9.19561028e-01 1.17029154e+00 1.51231825e+00 2.31812477e+00
 6.14996962e-02 7.79080540e-02 2.51776695e+00 3.83585721e-01
 9.13556397e-01 1.30257344e+00 7.90761262e-02 1.50288391e+00
 6.05216026e-01 3.67800534e-01 2.53427768e+00 1.20280929e-01
 7.85624743e-01 8.91129792e-01 8.23066309e-02 8.68050814e-01
 5.33483922e-01 9.38339531e-03 1.43117785e-01 4.75475013e-01
 2.50117159e+00 4.50827926e-01 1.35771334e+00 1.04313409e+00
 3.95934433e-01 2.33761922e-01 2.54211605e-01 1.02775055e-03
 9.98495221e-01 3.83103609e-01 1.81805968e+00 8.06271315e-01
 2.61278003e-01 3.55390525e+00 6.25064135e-01 3.31905484e-01
 1.01632297e+00 1.99382991e-01 1.83030844e+00 2.11233944e-02
 5.25976896e-01 2.78944421e+00 6.75858617e-01 8.57709467e-01
 7.42557824e-01 4.87433285e-01 9.02027547e-01 1.13397086e+00
 2.95966744e-01 1.15116036e+00 1.14909875e+00 7.65510798e-02
 6.17328137e-02 2.47690752e-01 1.32954046e-01 5.82500398e-01
 7.15482756e-02 1.39232278e+00 3.50820012e-02 3.19948941e-01
 1.81208050e+00 3.97828043e-01 1.02331173e+00 6.62052155e-01
 1.39575377e-01 2.79621065e-01 3.97097170e-01 6.71955526e-01
 9.36772108e-01 1.24474578e-02 1.29180503e+00 2.41606459e-01
 2.03887835e-01 3.28148156e-01 1.41146290e+00 1.22284198e+00
 4.23463523e-01 1.55413294e+00 1.71281290e+00 7.72575736e-02
 9.75303054e-01 7.84590393e-02 8.44615847e-02 8.11850429e-01
 2.29379326e-01 3.75515074e-01 1.22701931e+00 9.34048414e-01
 6.12816751e-01 1.33777976e-01 9.03038502e-01 8.42460215e-01
 1.16102457e+00 1.18909287e+00 1.14674568e+00 2.72286463e+00
 0.00000000e+00 2.64085978e-01 1.28820702e-01 1.80171359e+00
 2.30249524e+00 7.91626155e-01 9.36159790e-01 1.32829285e+00
 2.97378451e-01 2.70322867e-04 4.06769782e-01 1.33273983e+00
 3.42878938e-01 3.52988720e-01 3.66670847e-01 1.55258134e-01
 9.04395461e-01 3.49171385e-02 5.60646832e-01 1.14042556e+00
 3.98697942e-01 3.71566534e-01 8.57970476e-01 6.86858952e-01
 2.17467323e-01 2.25856423e-01 8.77823651e-01 3.96300733e-01
 2.78774276e-02 1.75595544e-02 1.10194016e+00 1.48489380e+00
 1.95879161e+00 1.41883671e-01 1.99442101e+00 7.68700421e-01
 8.36431086e-01 4.96313751e-01 6.02897942e-01 1.42619342e-01
 1.68605790e-01 3.91115934e-01 2.86683726e+00 9.24888432e-01
 7.73233831e-01 5.26239984e-02 3.38890791e-01 1.74720258e-01
 2.24966347e-01 9.66258466e-01 2.30708861e+00 2.58703262e-01
 1.95306726e-02 6.76141903e-02 1.94095361e+00 1.13159167e-02
 8.84730458e-01 1.21704482e-01 6.23407841e-01 2.41722360e-01
 1.43130422e-01 2.16769278e-01 2.11117816e+00 3.56407985e-02
 1.04696310e+00 3.54433954e-01 1.67278185e-01 1.26782551e-01
 1.33445367e-01 1.07177138e+00 7.58372426e-01 2.63156652e-01
 4.72924858e-02 7.50149012e-01 2.43610784e-01 1.45910895e+00
 7.00931326e-02 2.36039143e-02 9.64414895e-01 3.10107887e-01
 1.64104015e-01 1.39917970e-01 5.53184450e-01 1.72888291e+00
 9.20502767e-02 1.51234126e+00 6.99965239e-01 1.90354311e+00
 6.46383781e-03 6.55759335e-01 1.53400108e-01 7.36856282e-01
 3.92441154e-01 1.15239000e+00 3.83422852e-01 7.55008757e-01
 1.18119848e+00 1.17222488e+00 7.77927637e-01 2.73111153e+00
 2.02909541e+00 1.41557679e-01 3.33101465e-03 1.04589367e+00
 0.00000000e+00 4.28702503e-01 6.38084777e-04 2.20133018e+00
 1.36649382e+00 1.67477965e-01 3.87115955e-01 8.73666823e-01
 1.20794587e-01 1.16841471e+00 1.95313966e+00 1.38293147e+00
 7.37209395e-02 4.53194678e-01 2.04859495e+00 2.01176077e-01
 1.38030601e+00 5.24549186e-02 7.23195732e-01 5.67077398e-01
 3.99416387e-01 1.38049078e+00 6.21543646e-01 1.95859417e-01
 7.15446919e-02 1.76826432e-01 1.64870501e+00 8.36513817e-01
 1.25191033e-01 4.34391767e-01 6.36777103e-01 3.15493017e-01
 3.51618111e-01 1.77185163e-01 2.13254988e-01 1.89071536e+00
 6.90939367e-01 4.67073828e-01 1.68840483e-01 1.22000515e+00
 7.95770466e-01 2.05723628e-01 2.06098533e+00 2.96192110e-01
 5.67090750e-01 2.35950679e-01 1.16608095e+00 1.91711009e+00
 1.95776612e-01 2.14180946e+00 6.14062428e-01 1.05042922e+00
 4.06840533e-01 1.43801868e-01 2.94686198e-01 9.42637086e-01
 2.89961648e+00 2.54639244e+00 1.51131856e+00 2.74998367e-01
 1.13459162e-01 1.71210361e+00 6.19148791e-01 3.99671406e-01
 1.14300454e+00 1.40003395e+00 1.55501574e-01 5.94994605e-01
 4.46990728e-01 5.56370392e-02 1.35927200e-01 5.42821705e-01
 7.55126700e-02 8.95267069e-01 4.06242572e-02 2.18394220e-01
 1.66314375e-02 3.97124499e-01 1.32801986e+00 1.62029004e+00
 3.60856295e-01 1.02740538e+00 1.20544648e+00 2.57684135e+00
 1.81824136e+00 3.37231040e-01 4.77236956e-01 3.17487568e-01
 3.57042581e-01 0.00000000e+00 1.91799462e-01 4.92820472e-01
 5.27002275e-01 1.68936431e-01 8.76564458e-02 3.90523195e-01
 4.97719049e-01 4.52573985e-01 3.07114385e-02 9.39114243e-02
 5.00213563e-01 5.00031590e-01 9.07726064e-02 8.03560168e-02
 3.65059435e-01 2.61300862e-01 2.71440655e-01 3.64514828e-01
 2.16274548e+00 1.09374905e+00 2.28426170e+00 1.56097150e+00
 1.84084296e-01 1.46806014e+00 7.35457122e-01 2.32593131e+00
 8.73685956e-01 5.10691166e-01 3.14849392e-02 8.53442550e-01
 6.93621635e-02 3.07575798e+00 2.12877214e-01 1.04375429e-01
 4.25689995e-01 9.85474586e-01 6.74711585e-01 5.94357066e-02
 8.58514905e-01 1.15242684e+00 2.46810460e+00 2.07823396e+00
 2.00098205e+00 9.21682954e-01 1.66775376e-01 8.33197013e-02
 3.70255530e-01 4.49195392e-02 7.65817225e-01 4.85926676e+00
 1.16771758e+00 1.72031617e+00 1.12151778e+00 1.94437772e-01
 9.64463532e-01 2.52942824e+00 3.78532439e-01 2.09595633e+00
 1.19845843e+00 9.83180702e-02 8.24376881e-01 4.61513065e-02
 2.47787103e-01 3.26513678e-01 7.37506866e-01 7.98185766e-01
 3.69587708e+00 4.45410162e-01 3.89118344e-01 4.44375247e-01
 2.29043555e+00 1.16311622e+00 8.93256888e-02 8.01406443e-01
 1.30363476e+00 1.22130680e+00 5.86072877e-02 6.86454833e-01
 1.68964469e+00 1.43269193e+00 7.60816932e-02 9.63313058e-02
 9.47319806e-01 3.68977822e-02 3.64502966e-01 2.93070793e+00
 4.40520316e-01 1.88689208e+00 1.63268948e+00 1.05231769e-01
 6.80473864e-01 5.87275848e-02 8.48806679e-01 2.86733508e-01
 5.01997292e-01 3.23779851e-01 3.55482221e-01 1.78357244e-01
 5.75049043e-01 6.77064955e-01 1.83434442e-01 3.89117062e-01
 1.34721327e+00 6.68214440e-01 1.24137485e+00 7.53774419e-02
 2.11895723e-02 1.42409755e-02 1.14811072e-02 4.88201529e-01
 1.07552874e+00 1.26229870e+00 2.31277037e+00 1.47663608e-01
 2.92211533e+00 6.39424473e-02 6.29256546e-01 8.16192806e-01
 3.44411492e-01 3.45972610e+00 1.50908065e+00 1.61117554e-01
 5.36929965e-02 1.39483440e+00 2.86596268e-01 5.60069680e-02
 9.65632558e-01 5.89474365e-02 5.25099002e-02 3.09044182e-01
 8.61439705e-02 1.43116653e-01 6.60819486e-02 1.20148480e+00
 5.85915506e-01 1.03562474e+00 4.91790622e-01 1.28599501e+00
 1.16750252e+00 2.18517765e-01 5.52888751e-01 2.97129959e-01
 1.38373876e+00 5.69021851e-02 1.12444806e+00 5.35400510e-02
 1.86942875e-01 2.57233307e-02 1.21625990e-01 1.27387965e+00
 5.35089493e-01 0.00000000e+00 8.58825684e-01 4.83840823e-01
 2.81905842e+00 4.66379113e-02 6.03861809e-01 4.79905427e-01
 1.92735463e-01 1.83182150e-01 3.23908496e+00 4.36307443e-03
 5.44198573e-01 8.78025070e-02 1.89219236e-01 1.65742561e-01
 4.64665323e-01 1.62977648e+00 3.60610545e-01 8.74527574e-01
 6.11146092e-01 7.37086713e-01 5.56445062e-01 6.23133004e-01
 2.14585638e+00 2.00966096e+00 1.58723891e-01 2.52577383e-02
 1.63346156e-01 6.68089867e-01 1.07983387e+00 8.62635553e-01
 4.58540738e-01 2.77906919e+00 1.09127641e+00 1.86166739e+00
 2.14496827e+00 2.00498581e+00 2.37214184e+00 6.19965076e-01
 1.15518856e+00 1.48508847e-01 2.14211911e-01 3.33474129e-01
 2.31251970e-01 6.64630175e-01 6.20175637e-02 1.40883493e+00
 9.36565101e-01 8.02802795e-04 5.06486177e-01 8.61204416e-02
 1.15790270e-01 1.86946118e+00 2.42165495e-02 1.34475815e+00
 1.07637525e+00 4.09922302e-01 4.81880307e-01 4.03913200e-01
 4.19752896e-01 5.59655905e-01 1.19859815e+00 6.76573694e-01
 5.31739056e-01 5.03668010e-01 9.38040111e-03 3.15583944e-01]"
IMG_20180506_191627.jpg,https://www.googleapis.com/download/storage/v1/b/python-clustering-api.appspot.com/o/images%2FAcceclowoc%2FIMG_20180506_191627.jpg?generation=1525615264847431&alt=media,"[1.12270033e+00 1.42572391e+00 6.93577886e-01 2.22021556e+00
 1.98802933e-01 4.24667776e-01 1.32963970e-01 1.34301364e+00
 5.76206855e-02 2.93939412e-01 1.24674165e+00 2.56502420e-01
 4.97020066e-01 2.15662301e-01 1.26737833e+00 9.15853456e-02
 9.01803449e-02 1.31229722e+00 9.35404226e-02 6.27500862e-02
 9.99643266e-01 3.29935431e-01 3.30885835e-02 1.12759268e+00
 1.08709425e-01 6.03374615e-02 2.68521369e-04 5.05339131e-02
 0.00000000e+00 1.29590857e+00 7.12807000e-01 1.12720120e+00
 1.39925289e+00 1.34579211e-01 1.66885793e+00 1.90060329e+00
 9.36221361e-01 5.47916651e-01 6.66570067e-01 2.07962465e+00
 7.00938940e-01 1.98207796e-01 6.53293550e-01 1.32902399e-01
 4.93573219e-01 5.05126238e-01 1.24096549e+00 1.35496604e+00
 5.18168867e-01 1.54952511e-01 3.08967113e-01 3.10316950e-01
 1.54172540e-01 1.22201433e-02 1.02365935e+00 2.05393934e+00
 4.34196740e-01 9.96490657e-01 7.96068311e-01 3.04616839e-01
 8.66398036e-01 2.50413492e-02 1.43622393e-02 1.14599526e+00
 9.28751886e-01 1.13910627e+00 4.68369573e-01 3.28936368e-01
 3.47446054e-01 7.04480827e-01 1.02798247e+00 1.37693632e+00
 1.34429306e-01 1.92843765e-01 2.62494606e-04 7.24649951e-02
 2.02128105e-02 1.29241154e-01 1.86679944e-01 1.84084153e+00
 2.30472326e-01 2.23420238e+00 1.72156012e+00 1.04377612e-01
 1.26463905e-01 1.00098729e+00 2.96151817e-01 2.92072654e-01
 4.85445142e-01 7.54750133e-01 8.29204857e-01 3.73768777e-01
 2.99356371e-01 9.41117167e-01 2.99210459e-01 1.17965055e+00
 2.57184029e+00 4.86002445e-01 1.03301120e+00 2.47938585e+00
 3.84420514e-01 1.66080821e+00 1.35566425e+00 5.30506790e-01
 1.65441120e+00 5.44095039e-01 5.50023317e-01 3.75739962e-01
 3.79042298e-01 7.92405486e-01 3.68878320e-02 1.87092185e+00
 3.48169357e-01 7.04342842e-01 4.14622463e-02 1.67337626e-01
 1.24451590e+00 1.67328626e-01 1.10385549e+00 4.32043731e-01
 4.81975764e-01 1.46671855e+00 5.61761975e-01 3.59738708e-01
 1.10238299e-01 0.00000000e+00 1.43022764e+00 6.83042943e-01
 1.20445776e+00 4.42978442e-01 6.21867955e-01 1.73927975e+00
 6.84262276e-01 1.32332802e+00 4.59240466e-01 8.84750187e-01
 1.53178677e-01 1.78466976e-01 1.03385866e+00 2.77200961e+00
 1.19985044e+00 1.62290618e-01 1.00018442e+00 1.72942770e+00
 1.33973503e+00 1.29103720e+00 1.08327359e-01 1.27046895e+00
 1.79919088e-03 7.97706127e-01 9.51181650e-02 1.64282238e+00
 3.74772660e-02 1.94365636e-01 7.78418064e-01 2.90497035e-01
 9.19270337e-01 9.14804116e-02 1.03116465e+00 6.81555688e-01
 4.04132700e+00 1.22334373e+00 7.86518037e-01 6.18745565e-01
 1.25051513e-01 5.14073431e-01 9.19934511e-02 5.87454736e-02
 8.14055383e-01 3.17261785e-01 1.03152621e+00 5.22570550e-01
 5.19511104e-01 6.45031556e-02 5.28239846e-01 1.29161739e+00
 1.73490226e-01 2.35397741e-01 8.73191237e-01 4.43962365e-01
 4.14183408e-01 0.00000000e+00 6.03960514e-01 3.62642258e-01
 1.66178322e+00 7.73632884e-01 4.89247620e-01 1.56812751e+00
 9.48589504e-01 2.47525513e-01 3.21586192e-01 6.81041479e-01
 1.44374835e+00 8.27266514e-01 4.52693999e-02 1.15936875e+00
 5.66942632e-01 2.72484630e-01 1.65404117e+00 6.60973012e-01
 3.43198478e-01 1.88459361e+00 1.44981430e-03 2.43198782e-01
 4.71126065e-02 7.29049146e-01 1.89007521e+00 4.52702880e-01
 9.29181755e-01 5.21306992e-02 8.01408216e-02 2.66518295e-01
 2.08089888e-01 3.61427307e-01 1.42247963e+00 2.14306927e+00
 7.47203767e-01 1.24434881e-01 5.46727702e-02 2.31361086e-03
 9.40892756e-01 8.05430293e-01 5.95625401e-01 1.21617246e+00
 1.25684487e-02 5.76135397e-01 3.44325811e-01 7.21534491e-01
 0.00000000e+00 1.38457751e+00 4.58972789e-02 4.35741633e-01
 2.31254578e-01 7.55208850e-01 1.95479095e-01 3.88394654e-01
 2.15645719e+00 1.22734964e+00 2.19450265e-01 1.43046916e+00
 7.63280177e-03 4.22031339e-03 3.98675948e-01 4.19376761e-01
 2.71796346e-01 5.23264408e-01 3.43699634e-01 5.92037022e-01
 6.56470776e-01 3.70898306e-01 1.70287919e+00 5.21403193e-01
 9.10965204e-02 2.35891744e-01 1.01155806e+00 1.07316411e+00
 2.08693719e+00 4.71924841e-01 2.38094479e-01 3.22006978e-02
 1.56104136e+00 3.42294842e-01 1.82112992e-01 5.38539052e-01
 9.28220332e-01 2.60706139e+00 6.06497079e-02 3.10741353e+00
 7.60204494e-01 1.22079504e+00 9.05249864e-02 8.84860814e-01
 1.62845552e-02 8.64680409e-01 9.50684845e-01 7.16522932e-01
 2.03319097e+00 9.45324004e-01 1.61353290e+00 4.92007434e-01
 2.34784052e-01 4.86281335e-01 5.84275603e-01 1.95138192e+00
 2.99919657e-02 2.50987010e-03 7.04553246e-01 2.47478342e+00
 2.92121202e-01 5.32982536e-02 3.66336823e-01 1.76838547e-01
 6.61343187e-02 4.15128291e-01 4.09934610e-01 1.75173264e-02
 8.58143091e-01 2.50693876e-02 6.08713508e-01 7.93765485e-03
 2.12023377e+00 1.20710671e-01 5.18062472e-01 6.44656122e-02
 4.55875754e-01 8.83537382e-02 1.23225739e-02 1.89461783e-01
 6.58935905e-02 2.33335197e-01 2.11701974e-01 8.81816149e-01
 4.92861718e-02 7.93225050e-01 1.42800701e+00 2.10741949e+00
 4.06778932e-01 3.87600541e-01 2.90969372e-01 2.72759676e-01
 1.49478436e+00 9.88041796e-03 1.05868471e+00 1.49809778e-01
 2.41529420e-01 7.75649726e-01 1.07104206e+00 2.88842976e-01
 4.22431022e-01 2.40352571e-01 5.34987688e-01 1.24645150e+00
 2.34233522e+00 2.49499641e-02 2.77898073e+00 1.46222627e-02
 1.24524796e+00 4.61561590e-01 7.86564052e-01 2.34795183e-01
 6.43156841e-02 1.14661939e-01 3.25115681e-01 4.96069431e+00
 1.70963615e-01 2.23660207e+00 6.35965824e-01 2.11204529e+00
 1.89803958e+00 3.98088366e-01 9.08795238e-01 5.49600124e-01
 3.70642841e-02 6.06774211e-01 2.72679120e-01 4.76579309e-01
 3.40429962e-01 2.13316011e+00 3.70548010e-01 2.16115177e-01
 1.04814827e+00 4.24649805e-01 3.25230169e+00 2.15569902e-02
 2.31052709e+00 9.03102875e-01 8.43006313e-01 1.68862104e+00
 2.79929233e+00 8.39775622e-01 6.72585815e-02 1.34537315e+00
 2.01246405e+00 1.04553413e+00 6.28596842e-01 4.40491647e-01
 4.46368396e-01 3.95437390e-01 8.08084965e-01 3.59420133e+00
 2.41712198e-01 1.99912703e+00 7.02660531e-03 1.16608334e+00
 2.70654917e-01 3.94167066e-01 5.66305101e-01 1.44252658e-01
 4.68447842e-02 3.50371718e-01 7.98575103e-01 7.46659398e-01
 1.60897046e-01 1.03250638e-01 5.33422649e-01 8.32632482e-02
 4.43656385e-01 1.81798351e+00 1.06741309e+00 8.70788872e-01
 0.00000000e+00 7.83620477e-01 7.07179844e-01 1.30237877e+00
 1.43481004e+00 1.57467401e+00 1.50542891e+00 3.36987853e-01
 4.45820779e-01 7.52697363e-02 3.89666140e-01 7.95551240e-02
 9.50375795e-01 1.24332976e+00 8.67435709e-02 5.98407686e-01
 1.18436050e+00 3.90892386e-01 1.58677682e-01 9.66287553e-02
 7.68006325e-01 4.94899079e-02 2.82029361e-01 7.03124285e-01
 4.83509064e-01 6.24596059e-01 1.33660126e+00 2.30025744e+00
 6.12154841e-01 8.85083318e-01 1.75093532e-01 3.32870930e-02
 1.62652358e-01 0.00000000e+00 3.83524418e-01 2.92398661e-01
 2.75959164e-01 3.28279585e-01 1.04398429e+00 7.51283914e-02
 5.16738713e-01 4.33665067e-01 1.94173343e-02 1.03868067e+00
 9.23908710e-01 2.71004260e-01 4.82384533e-01 3.02733511e-01
 2.97632885e+00 2.01523113e+00 1.03646588e+00 6.34179115e-01
 1.97063401e-01 2.36581922e+00 2.04481125e+00 2.15300769e-01
 4.94695194e-02 5.85235119e-01 2.04837728e+00 6.91630304e-01
 3.12542677e-01 1.22055924e+00 4.34039652e-01 2.64330208e-01
 2.33615950e-01 5.67775518e-02 3.75415921e-01 1.00859511e+00
 9.44728628e-02 1.14191496e+00 1.36044741e-01 2.12624684e-01
 6.88140929e-01 1.51529837e+00 1.32460272e+00 3.68034956e-03
 4.10970077e-02 3.14836526e+00 2.91685134e-01 2.19783545e-01
 2.30425858e+00 4.87103164e-01 1.08813369e+00 1.03575960e-01
 3.16543984e+00 1.71107292e-01 4.83816028e-01 1.37905633e+00
 1.01008165e+00 0.00000000e+00 7.32666969e-01 7.36210406e-01
 8.04349408e-02 6.63154364e-01 9.75626463e-04 3.03626448e-01
 8.10267091e-01 8.49272966e-01 3.04387182e-01 7.11031854e-01
 2.43643194e-01 2.19889134e-01 6.20601654e-01 7.43615389e-01
 1.12292171e+00 1.47630727e+00 2.84688497e+00 5.99117696e-01
 2.51482069e-01 1.22924864e+00 1.45611331e-01 4.29907814e-02]"
IMG_20180506_191632.jpg,https://www.googleapis.com/download/storage/v1/b/python-clustering-api.appspot.com/o/images%2FAcceclowoc%2FIMG_20180506_191632.jpg?generation=1525615267643233&alt=media,"[1.77076375e+00 1.45887804e+00 8.65019321e-01 1.28349650e+00
 8.28587860e-02 7.87866488e-02 1.65267241e+00 5.69582641e-01
 1.55130255e+00 5.91741920e-01 9.20647383e-02 2.27927521e-01
 1.56103432e-01 2.00922534e-01 4.37542163e-02 4.36402142e-01
 1.72492206e-01 4.36755002e-01 1.89534754e-01 5.16417027e-02
 5.41966140e-01 3.57537121e-02 3.83102834e-01 9.44732845e-01
 5.40802300e-01 5.10672331e-01 1.00564305e-02 4.21470046e-01
 3.21196675e-01 1.08243234e-01 1.40940917e+00 2.50097132e+00
 4.13084954e-01 9.00379479e-01 4.73349720e-01 1.72370946e+00
 1.07919371e+00 1.77421212e-01 8.09474707e-01 2.63161182e-01
 3.63907009e-01 2.51691222e-01 2.02613205e-01 1.04760872e-02
 1.17286608e-01 1.72590923e+00 3.14793885e-02 1.55474603e+00
 8.85260820e-01 1.41934901e-01 1.75871909e-01 4.93323654e-02
 4.99849528e-01 1.44965470e-01 2.12675023e+00 2.76427174e+00
 3.21474731e-01 1.63860381e+00 7.40272284e-01 5.90762675e-01
 3.60677630e-01 7.56636083e-01 0.00000000e+00 3.80156040e-01
 7.30562806e-01 6.00459576e-01 2.08568335e+00 2.28650659e-01
 1.32947803e+00 3.80711913e-01 1.06904435e+00 3.21762353e-01
 9.16615278e-02 5.60928822e-01 5.38518846e-01 1.60832390e-01
 3.69355798e-01 9.78204250e-01 5.68658002e-02 9.83255684e-01
 2.64416695e-01 1.29445326e+00 3.43711853e+00 2.62857467e-01
 1.30287504e+00 9.81423378e-01 2.25133121e-01 8.48476231e-01
 2.94361532e-01 9.33061540e-01 4.43978131e-01 7.48187676e-02
 9.27489921e-02 9.08290148e-01 1.26851976e+00 4.50231433e-01
 3.02796817e+00 3.94783646e-01 2.33269706e-01 1.23079073e+00
 1.86095014e-02 2.68629175e-02 1.27941096e+00 1.92751372e+00
 1.26808441e+00 6.71615422e-01 5.56435108e-01 9.80392516e-01
 6.63018832e-03 6.77795112e-01 3.18385422e-01 2.38365993e-01
 6.06950164e-01 1.27038944e+00 2.01654315e-01 3.16035569e-01
 1.21985412e+00 1.74036920e-01 8.09416234e-01 1.80634052e-01
 5.68434536e-01 1.47217453e-01 4.72401492e-02 1.15840524e-01
 7.23203197e-02 0.00000000e+00 8.67136300e-01 1.62685227e+00
 5.80748856e-01 2.09987745e-01 2.53534460e+00 9.13302839e-01
 1.57060087e+00 1.28414500e+00 4.56224144e-01 1.45925868e+00
 1.99723113e-02 4.28229749e-01 4.83433753e-01 1.37356770e+00
 5.35089314e-01 2.45019108e-01 1.07516384e+00 7.45905221e-01
 9.85521793e-01 4.88700777e-01 1.49786818e+00 9.74160850e-01
 8.18352520e-01 9.95975316e-01 4.10104275e-01 1.11633289e+00
 4.66167748e-01 3.21604878e-01 1.18478239e+00 3.43552947e-01
 6.34600282e-01 3.20607536e-02 7.54354954e-01 6.55874908e-01
 6.91834986e-01 1.38084114e+00 4.03063625e-01 4.35809717e-02
 3.91653836e-01 1.44618943e-01 0.00000000e+00 1.52508223e+00
 1.85679972e+00 1.95676208e-01 1.67040288e+00 6.86928511e-01
 4.87071238e-02 2.69765556e-01 1.06438488e-01 3.28300714e-01
 4.78776425e-01 7.38829076e-01 3.21375519e-01 3.75645727e-01
 2.36098524e-02 2.85975635e-01 2.81868905e-01 2.47877073e+00
 1.31359339e+00 1.23308671e+00 5.06875038e-01 3.57830119e+00
 6.41522527e-01 1.37199596e-01 1.02127934e+00 4.29757327e-01
 1.43252456e+00 1.62181151e+00 1.21701270e-01 5.47551326e-02
 2.20984769e+00 1.09747410e+00 1.06390178e+00 5.02028227e-01
 4.95845944e-01 1.01023602e+00 3.64427306e-02 4.61125076e-01
 5.21341488e-02 2.26421165e+00 2.47175622e+00 9.17851925e-01
 3.00908303e+00 6.50695384e-01 1.14090189e-01 2.24456280e-01
 4.20126826e-01 3.42302024e-01 8.43596220e-01 2.19112659e+00
 2.46110320e-01 2.75359094e-01 1.48331821e-01 7.39531871e-03
 1.93918979e+00 6.24800205e-01 4.04723465e-01 5.61350398e-02
 2.20727876e-01 2.82375872e-01 6.76132143e-01 1.23664725e+00
 3.14363539e-02 3.32711011e-01 5.97113669e-02 1.48273158e+00
 1.42468917e+00 1.33073747e+00 1.32712007e-01 8.51257861e-01
 8.06448042e-01 5.87951064e-01 5.18686831e-01 2.13539767e+00
 5.20472288e-01 1.60278752e-01 2.48178527e-01 3.68976116e-01
 1.93503909e-02 2.76080340e-01 9.16862249e-01 1.14335573e+00
 8.17255080e-01 1.00650883e+00 1.38749337e+00 2.28322670e-01
 3.71579789e-02 8.14871728e-01 4.11990404e-01 2.66966492e-01
 1.05372512e+00 4.96657968e-01 2.67434835e-01 2.46018857e-01
 3.01488233e+00 9.56903160e-01 4.22307551e-01 9.37198877e-01
 4.75392997e-01 2.13691497e+00 4.09692019e-01 1.59248185e+00
 1.16854894e+00 5.43270171e-01 4.36551690e-01 3.92421126e-01
 1.00097752e+00 2.70610571e-01 2.14294702e-01 7.16518402e-01
 9.18801129e-01 1.64278722e+00 2.34442425e+00 4.20648068e-01
 3.08142435e-02 1.72812387e-01 4.43684816e-01 1.17378473e+00
 8.16201493e-02 2.99410429e-02 1.16239095e+00 2.64322948e+00
 1.47006705e-01 1.12980020e+00 5.14533043e-01 4.06052560e-01
 2.25038510e-02 4.96064544e-01 1.60959795e-01 7.93614984e-01
 8.97268474e-01 2.74875164e-02 6.91558301e-01 5.38883567e-01
 8.50841224e-01 0.00000000e+00 2.34547853e-01 4.06617880e-01
 5.27666397e-02 3.19835693e-01 4.24894959e-01 2.40231380e-01
 1.99976370e-01 6.57379746e-01 1.95950449e-01 1.70563996e-01
 7.77992427e-01 1.53596449e+00 1.02991045e+00 1.64375913e+00
 3.48729879e-01 6.47229433e-01 1.70581490e-01 8.33805501e-01
 2.73738122e+00 1.49276689e-01 2.09095860e+00 8.89736488e-02
 7.51924217e-01 9.85192776e-01 6.98438227e-01 2.52994616e-02
 3.41594338e-01 4.18861598e-01 3.46342355e-01 5.49980879e-01
 1.98728907e+00 1.01220220e-01 4.24563122e+00 0.00000000e+00
 2.81825376e+00 1.24676198e-01 6.43912077e-01 3.46992880e-01
 6.42117023e-01 1.10051818e-01 2.08234811e+00 4.36980391e+00
 1.03795385e+00 8.65508020e-01 1.21190989e+00 2.29932952e+00
 5.11119425e-01 2.06946087e+00 2.27945733e+00 2.57610291e-01
 4.93235141e-01 8.82551551e-01 9.69636977e-01 1.74435878e+00
 9.05709028e-01 5.20872533e-01 2.09372902e+00 1.21665096e+00
 2.27675867e+00 8.89495671e-01 6.88241065e-01 7.88155794e-02
 5.76634526e-01 6.21643543e-01 8.02632809e-01 5.84497273e-01
 1.97002888e+00 6.78286731e-01 3.91403213e-03 5.33562861e-02
 2.61283493e+00 4.73313093e-01 2.56467448e-03 5.94720900e-01
 3.77931446e-01 1.08299828e+00 2.20847392e+00 2.28999305e+00
 8.04510832e-01 7.76124597e-01 1.22355424e-01 3.77383649e-01
 1.04152083e+00 1.10772872e+00 1.35316777e+00 1.54742670e+00
 7.63795003e-02 5.13289273e-01 5.16115963e-01 9.94119048e-02
 7.48371482e-02 1.45320189e+00 6.93887770e-01 1.36401474e+00
 8.75411212e-01 9.51535478e-02 8.99538398e-01 1.98705196e+00
 2.69651171e-02 3.46810907e-01 9.04368401e-01 3.30598325e-01
 2.60128379e+00 1.60103667e+00 1.49580121e+00 2.94694483e-01
 7.64156044e-01 4.82303761e-02 7.12195516e-01 2.29818877e-02
 3.76826584e-01 3.87382716e-01 4.88538248e-03 1.11451840e+00
 1.79825354e+00 1.33331597e+00 5.57710826e-01 4.13392663e-01
 6.93578869e-02 4.23590168e-02 1.08139060e-01 1.44771016e+00
 1.36777200e-02 3.68095130e-01 1.13477266e+00 4.70388383e-01
 5.65475285e-01 1.97766876e+00 2.27691248e-01 2.09892333e-01
 2.77880818e-01 3.71497087e-02 2.89891273e-01 2.94826537e-01
 1.10339594e+00 1.53762627e+00 1.99449360e+00 3.31457615e-01
 5.83088458e-01 3.58866930e-01 1.97302029e-02 5.71664393e-01
 3.91116738e-01 6.28821552e-01 2.86326170e-01 1.50813174e+00
 2.95214629e+00 9.18760821e-02 2.68444382e-02 2.46760920e-01
 2.42307210e+00 1.12197411e+00 3.37853718e+00 1.30815291e+00
 2.90698200e-01 9.48939800e-01 1.55708468e+00 6.34456456e-01
 8.73968005e-02 9.23344612e-01 1.90879166e-01 1.76731154e-01
 4.96567577e-01 3.46795544e-02 4.75885808e-01 1.40689993e+00
 1.08553338e+00 2.98112065e-01 9.55687642e-01 5.15751064e-01
 8.76348168e-02 1.82121742e+00 1.80532515e+00 5.59193194e-01
 1.76960438e-01 2.24812722e+00 3.35712224e-01 5.13589203e-01
 3.20465517e+00 2.22778395e-01 4.39223385e+00 4.41840142e-02
 4.25822353e+00 7.09312618e-01 7.57773757e-01 3.02488780e+00
 1.02955282e+00 3.72647494e-01 4.95608568e-01 9.90594268e-01
 0.00000000e+00 4.85491961e-01 4.07991931e-02 0.00000000e+00
 2.68164780e-02 1.48960960e+00 4.04434919e-01 5.01300633e-01
 1.72732234e-01 1.16525745e+00 1.71843827e+00 2.20905590e+00
 1.61510155e-01 2.39299250e+00 2.33361459e+00 5.43466508e-01
 1.06960690e+00 3.17369461e-01 1.88096501e-02 1.32068560e-01]"
