IMG_20180506_192019.jpg,https://www.googleapis.com/download/storage/v1/b/python-clustering-api.appspot.com/o/images%2FCombiflame%2FIMG_20180506_192019.jpg?generation=1525615242243599&alt=media,"[1.06778657e+00 2.45604539e+00 1.33382249e+00 1.56441784e+00
 1.94045886e-01 1.50072947e-01 2.16939259e+00 1.97127545e+00
 1.70817763e-01 9.89804804e-01 4.53831077e-01 2.49854302e+00
 5.59540093e-01 3.50285590e-01 3.44957352e-01 4.98044252e-01
 1.50164473e+00 1.11342333e-01 2.47538954e-01 2.43316352e-01
 2.54995897e-02 7.21499443e-01 4.19214694e-03 1.05584824e+00
 1.22332990e+00 5.80152392e-01 1.71759158e-01 1.93601996e-01
 1.13354335e-02 1.01363754e+00 1.39348090e+00 6.71316803e-01
 6.63942754e-01 4.39581066e-01 1.44896483e+00 1.89621687e+00
 1.52731609e+00 6.36634827e-01 9.33293581e-01 2.09523892e+00
 1.04792154e+00 4.49221171e-02 2.48438761e-01 3.24520953e-02
 3.27785462e-01 1.60202992e+00 1.00670540e+00 1.23524797e+00
 2.03933731e-01 3.57219219e-01 3.81553888e-01 1.48490143e+00
 1.36957955e+00 7.23856091e-02 1.59048510e+00 2.71877861e+00
 8.64931166e-01 1.51426709e+00 1.04535842e+00 7.60917425e-01
 2.99723476e-01 7.35327423e-01 8.37313607e-02 7.67285585e-01
 6.49187937e-02 1.21322095e+00 6.18395329e-01 2.77075469e-02
 8.68859828e-01 2.06008840e+00 2.53740072e-01 1.72518635e+00
 2.60791723e-02 3.01743537e-01 4.29370582e-01 1.00111604e-01
 8.29694152e-01 0.00000000e+00 7.08394917e-03 2.52611876e+00
 1.88010544e-01 1.63233149e+00 1.45150959e+00 5.87889016e-01
 2.08595490e+00 2.62861562e+00 8.77107829e-02 6.86374366e-01
 2.40754578e-02 1.26089263e+00 3.58829647e-01 3.07931095e-01
 1.20845008e+00 1.11227894e+00 1.98047185e+00 5.47417998e-01
 2.04901648e+00 4.01710302e-01 0.00000000e+00 2.59386206e+00
 3.69920492e-01 1.88335627e-02 1.27565429e-01 2.35029888e+00
 2.60675287e+00 1.53299558e+00 3.87232244e-01 9.42050159e-01
 7.93734252e-01 4.30257209e-02 3.85630757e-01 1.20755434e+00
 6.50916517e-01 5.93974710e-01 1.61125790e-02 2.79823273e-01
 1.22286415e+00 1.93418134e-02 5.15118279e-02 1.86247200e-01
 2.10630631e+00 1.14918578e+00 2.54435718e-01 5.79368435e-02
 7.91964773e-03 0.00000000e+00 1.78625381e+00 1.10524392e+00
 3.73544574e-01 7.30908036e-01 5.04981852e+00 1.01066172e+00
 1.72529864e+00 1.91000804e-01 2.68322968e+00 1.14779317e+00
 1.23681474e+00 1.18857408e+00 2.60670513e-01 7.95451880e-01
 4.97855902e-01 1.36726677e+00 9.66504931e-01 1.00548065e+00
 1.33019161e+00 2.02268052e+00 6.13783181e-01 1.72760940e+00
 8.87974501e-01 4.26993340e-01 5.36875606e-01 1.25118089e+00
 1.29892081e-01 1.00914344e-01 4.90631402e-01 1.71625152e-01
 7.84040034e-01 0.00000000e+00 3.93048704e-01 1.25192547e+00
 2.37711024e+00 9.25121177e-03 7.68710375e-01 1.84946895e-01
 2.64665913e-02 2.86103040e-01 5.66386692e-02 2.62335036e-02
 9.37639356e-01 2.64420837e-01 1.46302605e+00 1.18546748e+00
 3.81163001e-01 2.25676298e+00 8.53331506e-01 6.68090284e-01
 6.35511577e-01 6.11273088e-02 1.08514145e-01 1.22157633e+00
 6.97085559e-02 0.00000000e+00 6.85568035e-01 3.75813174e+00
 1.00420296e+00 8.40703845e-02 2.56496727e-01 4.66786861e+00
 1.75626218e+00 1.38672501e-01 2.31484318e+00 1.39976335e+00
 4.27723557e-01 2.17349362e+00 3.48699987e-02 3.49165350e-01
 6.66738868e-01 1.08856678e+00 1.80633152e+00 6.48554742e-01
 5.05149603e-01 5.24518132e-01 4.87491908e-03 2.81230628e-01
 6.79585189e-02 1.75929832e+00 1.37928462e+00 9.85412538e-01
 3.87503648e+00 8.72129083e-01 2.26066530e-01 9.92492855e-01
 7.83565938e-01 4.60545242e-01 9.60657150e-02 1.69685876e+00
 1.43608665e+00 4.14346278e-01 1.92955121e-01 3.15316409e-01
 3.20638359e-01 4.64261025e-01 1.47698605e+00 5.40453136e-01
 1.05169392e+00 4.08716360e-03 8.24658036e-01 1.95561990e-01
 7.76202381e-01 9.06862319e-01 9.02078860e-03 2.75733519e+00
 1.77694714e+00 6.64077163e-01 7.28938282e-01 1.55218649e+00
 1.24686849e+00 7.17076600e-01 0.00000000e+00 1.85843921e+00
 6.22365117e-01 1.10746193e+00 2.01151752e+00 7.06205785e-01
 6.19962364e-02 1.44239888e-01 2.23197222e-01 9.72082198e-01
 1.00165522e+00 5.18938720e-01 6.07380986e-01 1.33448735e-01
 1.28168434e-01 6.78870201e-01 1.23823397e-01 0.00000000e+00
 1.68725598e+00 4.07345966e-02 6.21660888e-01 5.34003139e-01
 3.37567520e+00 1.18483968e-01 8.06107163e-01 2.94832647e-01
 2.48635677e-03 2.51625061e+00 3.99341397e-02 3.31013179e+00
 9.73965228e-01 1.18830991e+00 2.22868398e-01 5.30941010e-01
 1.09318420e-01 2.89667070e-01 4.62828040e-01 7.87190914e-01
 6.34811580e-01 2.22448897e+00 1.77496898e+00 5.41920424e-01
 1.56828389e-01 4.41209264e-02 2.42517665e-01 1.79549420e+00
 7.06484258e-01 2.63278276e-01 1.52929211e+00 2.39645076e+00
 4.52026516e-01 1.09589267e+00 9.14268076e-01 2.07772739e-02
 5.03358059e-02 2.01059192e-01 1.99814346e-02 6.25603855e-01
 3.15055108e+00 7.71624595e-02 1.35913387e-01 4.51096207e-01
 4.15162057e-01 3.18869650e-02 1.78042307e-01 3.63562673e-01
 2.65011728e-01 2.25167591e-02 6.48580551e-01 9.88431158e-04
 2.19339430e-01 1.12039801e-02 4.92315814e-02 7.11866990e-02
 8.61997128e-01 1.00758266e+00 8.27942908e-01 9.66833770e-01
 3.94039243e-01 1.08211136e+00 5.26904166e-01 1.80884039e+00
 2.30992675e+00 1.24632604e-01 9.71404076e-01 1.25429726e+00
 6.73224568e-01 1.74803329e+00 5.78520540e-03 9.61226463e-01
 9.54675794e-01 1.63130891e+00 7.28853822e-01 1.12531292e+00
 1.50315845e+00 2.52177805e-01 2.75011086e+00 5.46984792e-01
 2.59903598e+00 1.23307347e-01 8.69170606e-01 4.90874112e-01
 1.16166437e+00 3.26441973e-02 8.92717242e-01 6.13458633e+00
 3.47702175e-01 6.37010217e-01 9.36515808e-01 9.10121083e-01
 6.92496374e-02 1.54357624e+00 3.01555753e-01 1.42727315e+00
 8.27711463e-01 5.50676584e-01 5.79257429e-01 9.68969226e-01
 3.02081585e-01 3.70467424e-01 1.35898066e+00 2.05296967e-02
 1.83116055e+00 1.30974281e+00 9.33604896e-01 4.07671742e-02
 1.01112151e+00 1.27770066e+00 1.17186594e+00 1.40948641e+00
 4.71320343e+00 3.32336855e+00 3.20863463e-02 6.18109047e-01
 1.76504469e+00 6.09161317e-01 2.17579395e-01 7.33083785e-02
 3.35985422e-01 1.09612145e-01 2.67361641e+00 3.05051589e+00
 1.41729683e-01 1.53920376e+00 3.50722969e-01 5.07597387e-01
 1.17815387e+00 2.86948055e-01 3.78189015e+00 4.45768261e+00
 3.02570879e-01 1.52502686e-01 3.30176443e-01 5.09249866e-02
 4.05184507e-01 9.14242208e-01 4.79327934e-03 2.22909999e+00
 5.43245673e-01 1.07497072e+00 1.93776357e+00 2.91744322e-01
 1.71404984e-02 1.31095335e-01 4.80981529e-01 1.13205123e+00
 1.53888035e+00 8.89081120e-01 6.92222893e-01 1.30714402e-01
 2.58865595e-01 3.38155895e-01 4.59511995e-01 8.67222156e-03
 3.16085190e-01 2.57397532e+00 3.11428234e-02 5.24685206e-03
 2.39503360e+00 5.49058080e-01 2.48769075e-01 2.13575110e-01
 7.14528918e-01 7.57000208e-01 2.15794706e+00 5.51275134e-01
 4.33055758e-02 1.04938459e+00 6.97638452e-01 1.87404287e+00
 1.51615405e+00 1.69207847e+00 1.00688495e-01 1.29461557e-01
 4.22817886e-01 2.52125144e-01 2.02137828e-01 1.55882835e+00
 6.88024819e-01 4.37965482e-01 1.29854369e+00 1.59201294e-01
 9.74697024e-02 3.89623158e-02 2.65616588e-02 6.37096286e-01
 3.32922578e-01 8.60362530e-01 9.91897807e-02 2.48385295e-01
 1.96638072e+00 2.66779568e-02 6.11615218e-02 3.00514936e-01
 2.28827047e+00 5.37096083e-01 2.25935698e+00 1.64775276e+00
 4.16510373e-01 1.84117687e+00 2.01434994e+00 1.41980082e-01
 6.99100271e-02 2.33357024e+00 8.33552629e-02 8.89151096e-01
 2.33531296e-02 2.48378932e-01 6.13221824e-01 3.71598274e-01
 1.36888012e-01 4.66948748e-01 3.11959922e-01 2.04989672e-01
 5.52554369e-01 2.40787119e-01 4.36795890e-01 7.76666999e-01
 3.25057566e-01 2.60639620e+00 7.66229808e-01 8.99890959e-01
 4.07695389e+00 1.04665422e+00 4.68652725e+00 1.95343569e-01
 2.62716341e+00 1.17728066e+00 2.80154496e-01 2.80673814e+00
 9.40110743e-01 4.10920940e-03 8.24243575e-02 6.81341827e-01
 4.94233556e-02 9.84299555e-02 1.19757819e+00 8.92979085e-01
 3.80911857e-01 2.40966153e+00 4.58651692e-01 5.28872609e-01
 6.40591048e-03 7.76896119e-01 3.64491522e-01 1.74539959e+00
 8.03905904e-01 1.21229398e+00 1.59056699e+00 5.15557170e-01
 7.71868050e-01 2.81880355e+00 8.08401331e-02 2.37046611e-02]"
IMG_20180506_191937.jpg,https://www.googleapis.com/download/storage/v1/b/python-clustering-api.appspot.com/o/images%2FCombiflame%2FIMG_20180506_191937.jpg?generation=1525615245296837&alt=media,"[4.70751315e-01 1.89280701e+00 1.17810094e+00 1.35075116e+00
 6.45580232e-01 5.34268729e-02 1.74222803e+00 1.50352871e+00
 2.78037727e-01 1.03443313e+00 7.52336800e-01 3.09628105e+00
 5.19636311e-02 2.67349750e-01 6.78576902e-02 5.86229086e-01
 1.08903563e+00 9.82912242e-01 0.00000000e+00 1.14927918e-01
 6.75867200e-02 5.84032893e-01 6.16422901e-03 9.49228227e-01
 5.85897148e-01 8.97401631e-01 3.56094241e-02 4.33547258e-01
 0.00000000e+00 8.63915831e-02 2.70471364e-01 1.10516191e-01
 2.22522879e+00 2.80805498e-01 7.95193255e-01 8.75332117e-01
 4.75634485e-01 8.92628133e-01 1.23861504e+00 8.19978774e-01
 1.75588466e-02 0.00000000e+00 1.20293781e-01 2.76634663e-01
 1.27561420e-01 8.55115533e-01 6.06672227e-01 7.14124262e-01
 4.97127324e-01 2.97457635e-01 1.91834509e-01 1.84932068e-01
 1.73718005e-01 3.18605117e-02 2.01342392e+00 1.89507663e+00
 1.17473936e+00 1.10938787e+00 8.54707778e-01 5.15627339e-02
 2.76911091e-02 4.38272953e-01 2.76824713e-01 1.40244216e-01
 4.29413468e-01 4.95131016e-01 8.87849331e-01 1.16021283e-01
 6.37419343e-01 1.22603595e+00 7.79835135e-02 8.38239849e-01
 1.62728205e-02 8.70788634e-01 1.53953254e-01 2.17540115e-02
 5.88463306e-01 1.58861011e-01 5.73538989e-02 2.01510572e+00
 3.33613843e-01 8.99845421e-01 1.95535219e+00 7.94911921e-01
 1.78583837e+00 3.56704623e-01 8.69212270e-01 1.31145716e-01
 5.71594089e-02 1.57487392e+00 1.57619230e-02 3.85733783e-01
 4.36681479e-01 1.28592765e+00 1.22424126e-01 2.37487294e-02
 2.20283055e+00 4.50685769e-01 1.50777489e-01 1.68099451e+00
 2.90446490e-01 7.28261113e-01 1.64453059e-01 1.64379692e+00
 1.92682636e+00 3.75861079e-01 3.67229193e-01 9.20169502e-02
 4.71840411e-01 1.33479852e-03 4.35011871e-02 8.49595845e-01
 6.39942065e-02 1.12475753e-01 1.82011316e-03 7.64296472e-01
 1.22437382e+00 1.48504719e-01 2.78870046e-01 7.88227096e-02
 2.21780634e+00 1.52906537e-01 1.09559961e-01 3.14239264e-01
 7.08182389e-03 0.00000000e+00 1.57271290e+00 4.83792514e-01
 1.89858961e+00 4.71168548e-01 3.29703546e+00 1.15177655e+00
 5.66861570e-01 9.27501395e-02 2.44603610e+00 9.29013908e-01
 3.29996705e-01 3.55595112e-01 2.66858578e-01 1.12230170e+00
 1.35946095e+00 9.15684521e-01 8.68234992e-01 1.26542628e+00
 1.43502307e+00 7.21081793e-01 3.74358654e-01 1.08105671e+00
 2.43785053e-01 8.54958057e-01 3.12387556e-01 4.87275839e-01
 4.99398336e-02 1.15781492e-02 7.01570213e-01 3.60214204e-01
 1.08856425e-01 0.00000000e+00 3.29109728e-01 1.19385757e-01
 9.86820221e-01 4.46902961e-01 6.52820647e-01 1.90510854e-01
 3.98464799e-01 3.03894118e-03 2.99063437e-02 1.03228164e+00
 3.64680402e-02 5.62511459e-02 1.76737094e+00 1.05418527e+00
 2.24656656e-01 2.04141521e+00 1.03072569e-01 4.20865491e-02
 4.30817634e-01 9.81231406e-02 6.14898026e-01 8.52164686e-01
 7.90828764e-02 1.50135448e-02 2.40007496e+00 1.89618027e+00
 8.36294055e-01 4.23319846e-01 8.06133673e-02 4.34292984e+00
 8.32156122e-01 2.73969084e-01 2.44280672e+00 8.38412702e-01
 3.40906918e-01 1.83651173e+00 2.88203359e-01 1.20453633e-01
 4.02277894e-02 9.54353571e-01 3.45095962e-01 4.32363093e-01
 1.89345870e-02 3.68871726e-02 1.17946565e-01 8.71648863e-02
 2.54728615e-01 1.20479321e+00 1.68646026e+00 1.69720113e+00
 3.25836706e+00 8.60824645e-01 0.00000000e+00 3.45761091e-01
 3.15891057e-01 5.85898817e-01 1.99556500e-02 2.04832816e+00
 8.05827081e-01 4.44750309e-01 1.37138069e-01 4.28106576e-01
 1.23012893e-01 1.14194179e+00 8.43265533e-01 1.30612716e-01
 7.96382353e-02 3.86245936e-01 4.08763699e-02 2.38047481e-01
 4.88019772e-02 2.48045072e-01 6.82581216e-02 5.77469945e-01
 4.01392251e-01 6.95418835e-01 2.43752021e-02 1.40163636e+00
 1.43211484e+00 4.16462660e-01 4.62917201e-02 1.63363481e+00
 1.84536558e-02 5.71651570e-02 1.36941016e+00 3.80968213e-01
 4.12526995e-01 6.57188520e-02 6.41920328e-01 5.81656396e-02
 4.90864307e-01 6.91057146e-01 5.55704176e-01 9.96546447e-02
 6.35530576e-02 9.31868553e-01 2.59489775e-01 7.49529541e-01
 1.26731968e+00 3.34007293e-01 1.75565675e-01 3.01578283e-01
 4.85292673e+00 3.67051870e-01 3.46593231e-01 3.54233146e-01
 1.78958811e-02 3.38553667e+00 7.04849303e-01 2.99687195e+00
 1.68134376e-01 1.54209852e+00 2.37249076e-01 3.60769391e-01
 5.71223497e-01 1.93199426e-01 3.75536740e-01 4.84490097e-01
 3.67547214e-01 1.66287136e+00 2.56269383e+00 3.22888076e-01
 2.68562466e-01 1.35398395e-02 7.36821949e-01 8.57277334e-01
 2.15646863e-01 7.21321255e-02 1.69655132e+00 2.48427963e+00
 6.37637019e-01 6.48149133e-01 5.21141350e-01 0.00000000e+00
 1.00681186e-01 5.71821094e-01 6.88731134e-01 1.87285984e+00
 2.44049692e+00 2.14553505e-01 1.88807607e-01 5.52720189e-01
 8.18769634e-01 5.79071641e-02 5.17003089e-02 3.60479146e-01
 1.20888174e+00 1.88175181e-03 2.14271143e-01 1.64971590e-01
 1.54459044e-01 3.74889262e-02 3.47794220e-02 3.08771104e-01
 3.41452628e-01 9.02057052e-01 9.69312191e-01 1.93784699e-01
 6.13815248e-01 2.64018089e-01 7.17289209e-01 2.00461006e+00
 2.43026757e+00 2.73978770e-01 1.16844475e+00 1.42101967e+00
 1.02828491e+00 1.78489327e+00 7.14833736e-02 1.29113328e+00
 1.13936329e+00 7.30345905e-01 4.49751765e-01 4.32042658e-01
 2.73455334e+00 2.36555099e-01 1.58375514e+00 6.06177688e-01
 2.10065842e+00 4.70563732e-02 2.19890192e-01 1.71328351e-01
 9.59700763e-01 1.29712343e-01 1.40823722e+00 5.95581245e+00
 8.48956347e-01 6.51661336e-01 9.72614288e-01 1.32872474e+00
 2.11548850e-01 1.84778023e+00 1.87158257e-01 4.60577130e-01
 4.65814322e-01 1.66686153e+00 2.75107592e-01 7.85766125e-01
 7.78451324e-01 9.10644710e-01 1.28958368e+00 7.92936981e-03
 2.48364186e+00 3.58340561e-01 1.19579792e+00 4.55172397e-02
 1.31839228e+00 1.16357863e+00 1.53946233e+00 7.83998966e-01
 3.63544726e+00 2.12368274e+00 8.83276612e-02 5.87520003e-02
 2.94336176e+00 1.93138123e-01 3.15347344e-01 1.42876849e-01
 1.64375925e+00 1.78766586e-02 1.77930093e+00 3.07056260e+00
 1.55255437e-01 1.42191517e+00 1.02412152e+00 3.50005329e-01
 9.32459831e-01 9.73499864e-02 2.58594894e+00 3.16751075e+00
 1.65988371e-01 3.72943401e-01 3.96551847e-01 1.72502309e-01
 1.02034271e-01 8.73460412e-01 1.04518384e-01 1.91429842e+00
 1.02779782e+00 4.95681047e-01 1.18945682e+00 5.12019932e-01
 1.07513607e-01 1.60232186e-01 3.23600113e-01 2.08681417e+00
 1.34922528e+00 5.80988348e-01 5.26042461e-01 1.49701526e-02
 4.60832298e-01 4.38870996e-01 2.28720799e-01 2.49901544e-02
 3.21180105e-01 2.35490298e+00 1.92115139e-02 2.33190984e-01
 9.43050683e-01 5.82177162e-01 8.71248364e-01 5.26158959e-02
 8.09927344e-01 1.75508052e-01 1.60770571e+00 6.59784496e-01
 4.81313914e-02 1.87135130e-01 1.22234452e+00 1.99937844e+00
 4.67087805e-01 2.22734594e+00 8.14338624e-02 2.23585274e-02
 5.86783253e-02 4.35527973e-02 1.00389473e-01 7.20669508e-01
 4.07982469e-01 2.45413966e-02 2.37896967e+00 3.08547527e-01
 0.00000000e+00 4.04320434e-02 0.00000000e+00 5.97913563e-01
 7.81413436e-01 1.35691464e+00 3.02165747e-01 1.51155099e-01
 1.25820529e+00 8.11213404e-02 1.67100221e-01 3.63458723e-01
 9.67331231e-01 4.32445407e-01 9.66765881e-01 1.17203617e+00
 2.53838543e-02 1.43827426e+00 1.67682946e+00 0.00000000e+00
 1.92482799e-01 1.89767981e+00 5.73121049e-02 2.63422221e-01
 6.74663717e-03 1.65976837e-01 6.62070155e-01 6.46870509e-02
 8.68480653e-02 3.01842153e-01 6.72122836e-02 8.39196205e-01
 2.61531651e-01 2.35709286e+00 7.88208246e-01 3.13588083e-01
 4.39472228e-01 3.31009340e+00 3.03230882e-01 5.15287697e-01
 4.20330858e+00 1.08192360e+00 2.75436091e+00 7.84873426e-01
 3.39990115e+00 8.06199193e-01 1.30875182e+00 1.38192332e+00
 1.23342907e+00 0.00000000e+00 4.88127768e-01 5.84421277e-01
 0.00000000e+00 5.47525100e-03 1.12755068e-01 6.09090216e-02
 1.70908093e-01 1.69136965e+00 0.00000000e+00 3.43243629e-01
 5.28346226e-02 7.33530402e-01 2.46310055e-01 1.19302070e+00
 7.19306231e-01 1.57696438e+00 1.39703715e+00 7.62735486e-01
 8.75009418e-01 1.60422671e+00 3.49948227e-01 4.57404647e-03]"
IMG_20180506_191933.jpg,https://www.googleapis.com/download/storage/v1/b/python-clustering-api.appspot.com/o/images%2FCombiflame%2FIMG_20180506_191933.jpg?generation=1525615248393214&alt=media,"[1.85328686e+00 1.42074442e+00 9.81051803e-01 1.23094237e+00
 4.44952130e-01 8.04488435e-02 2.20694137e+00 2.49259973e+00
 1.03128493e+00 5.89186661e-02 3.60918403e-01 2.79940724e+00
 7.43094310e-02 3.81691128e-01 7.08732426e-01 1.79648861e-01
 4.06222381e-02 2.54524159e+00 9.09826934e-01 3.67258966e-01
 8.10002446e-01 0.00000000e+00 1.06156729e-01 1.04266477e+00
 2.85802269e+00 1.61237681e+00 1.05728114e+00 3.88490826e-01
 1.25157190e-02 1.48850366e-01 5.52711368e-01 3.40060778e-02
 2.11820579e+00 2.65805423e-01 1.32397145e-01 6.76713824e-01
 3.84164937e-02 8.51182282e-01 1.75349307e+00 2.01354122e+00
 1.56314027e+00 1.22370109e-01 1.24650574e+00 5.68150163e-01
 9.81555283e-02 1.84936273e+00 4.87180293e-01 4.71504211e-01
 3.08499366e-01 7.06014216e-01 1.96963060e-03 4.79456067e-01
 1.36893547e+00 2.94243842e-01 2.66352534e+00 1.23647833e+00
 5.85804164e-01 2.58419752e-01 0.00000000e+00 4.01729494e-01
 4.44049016e-02 4.26211953e-02 3.69109333e-01 1.07097507e+00
 3.10793191e-01 3.78274806e-02 6.89980328e-01 3.03467691e-01
 7.13976324e-01 9.51151967e-01 1.37839749e-01 7.11884558e-01
 9.04887542e-02 3.93065773e-02 7.18779936e-02 3.81791711e-01
 2.22078532e-01 2.99579412e-01 9.67338562e-01 1.73226976e+00
 6.03935719e-01 2.54590273e+00 3.21108532e+00 5.33992499e-02
 1.68642414e+00 1.04914033e+00 6.00496493e-02 2.88197368e-01
 1.62548870e-02 4.67700332e-01 2.52798527e-01 3.48055884e-02
 1.71000093e-01 4.96096283e-01 4.66012418e-01 1.68263108e-01
 1.96112406e+00 4.24089521e-01 3.84204268e-01 9.68497753e-01
 2.16540128e-01 7.75445998e-01 1.04123496e-01 1.05122697e+00
 2.90519619e+00 3.83186489e-01 1.26160896e+00 2.12358832e+00
 1.80923569e+00 7.27076769e-01 5.55330276e-01 7.20856130e-01
 8.82113576e-01 2.11704642e-01 8.76138806e-01 2.20342422e+00
 1.38846695e+00 4.38217968e-02 2.04380393e-01 1.03007662e+00
 3.84047866e-01 8.51137377e-03 6.79585457e-01 9.19491887e-01
 5.59050962e-03 1.73095032e-03 1.42648757e+00 1.11904037e+00
 8.68582070e-01 4.12168764e-02 4.38297302e-01 7.91848958e-01
 2.00256848e+00 2.56895304e-01 2.07239246e+00 1.06132090e+00
 7.47111261e-01 2.09400749e+00 1.00890660e+00 8.83798480e-01
 8.43209863e-01 4.29960042e-02 9.73715961e-01 9.47402537e-01
 1.88507128e+00 1.49421704e+00 5.31802416e-01 1.62787521e+00
 3.04960698e-01 1.20846951e+00 1.18738580e+00 1.09810472e+00
 5.18142022e-02 0.00000000e+00 1.49113560e+00 2.41425768e-01
 0.00000000e+00 0.00000000e+00 3.20582837e-01 1.01680827e+00
 4.67083491e-02 1.31313384e+00 1.35277724e+00 0.00000000e+00
 1.43370871e-02 1.97452083e-01 1.09624833e-01 1.03850774e-01
 1.29094804e-02 1.73482764e+00 1.23512316e+00 7.72260189e-01
 2.16657564e-01 3.56329966e+00 3.45973164e-01 4.02346432e-01
 1.79653382e+00 2.02835560e+00 2.24463359e-01 7.31472015e-01
 7.14816153e-02 1.98046952e-01 2.96426678e+00 2.48714876e+00
 5.57922006e-01 4.81823564e-01 1.03258145e+00 2.38890767e+00
 1.56772923e+00 7.74926186e-01 2.09728980e+00 7.20759869e-01
 1.58952817e-01 2.42777061e+00 5.04893184e-01 5.94431937e-01
 1.36541754e-01 1.49930000e+00 4.51605499e-01 2.12831870e-01
 9.62941408e-01 8.29650104e-01 5.52193642e-01 1.72511351e+00
 1.32296935e-01 6.17298067e-01 1.44915581e+00 2.04811001e+00
 9.16089356e-01 1.87727213e-01 5.50949395e-01 1.77210486e+00
 5.14550447e-01 1.98530719e-01 4.33350623e-01 4.31968659e-01
 8.34684491e-01 1.23758459e+00 1.01091933e+00 5.91023825e-04
 9.62961838e-02 1.05958927e+00 1.87591255e+00 1.54248983e-01
 2.33842805e-01 2.07274508e+00 1.64433345e-02 3.62743139e-01
 3.93600464e-01 2.15546227e+00 1.70139253e+00 1.57171035e+00
 1.64585426e-01 1.02938998e+00 9.27673280e-01 9.53637898e-01
 2.76011157e+00 9.36939180e-01 1.70219854e-01 1.25852585e+00
 1.07654381e+00 5.10666490e-01 2.73072481e-01 1.20045280e+00
 3.06577444e-01 8.34595323e-01 1.44917917e+00 2.27410913e-01
 1.91295338e+00 5.12782216e-01 1.58087656e-01 9.64204222e-02
 1.84551887e-02 2.15597153e+00 2.07464039e-01 7.08590686e-01
 3.10593271e+00 2.44966019e-02 1.07072866e+00 5.17884612e-01
 1.83203173e+00 1.11989486e+00 6.97103977e-01 2.91753206e-02
 6.64196583e-03 1.43615985e+00 4.74945486e-01 1.29122198e+00
 1.04912210e+00 2.24411893e+00 4.00352143e-02 2.75842577e-01
 1.64869797e+00 1.40759218e-02 1.70552659e+00 1.10507727e+00
 1.44886170e-02 2.22295523e+00 4.23318595e-02 9.01294708e-01
 1.39648025e-03 8.78240108e-01 1.84049368e+00 9.48153853e-01
 3.57046157e-01 1.78306890e+00 8.47011507e-01 2.23811412e+00
 2.23920178e+00 1.13819756e-01 1.70397341e+00 2.75718778e-01
 5.66668026e-02 1.13564157e+00 9.06292379e-01 6.01397395e-01
 1.28542852e+00 2.53315661e-02 1.89670950e-01 1.01813293e+00
 9.82104540e-01 8.64786431e-02 1.79283738e-01 1.67799816e-01
 1.03595746e+00 8.41814876e-01 4.56905216e-01 3.29496115e-02
 1.44303083e-01 2.41131380e-01 3.11004043e-01 4.15485084e-01
 1.03276126e-01 1.27844989e+00 1.37072909e+00 8.66728902e-01
 6.87695324e-01 2.26435542e+00 1.40017807e-01 2.76031423e+00
 5.08904576e-01 5.47751367e-01 1.97894204e+00 4.87968594e-01
 5.73560238e-01 1.78806353e+00 2.29390025e-01 8.92062068e-01
 4.39060211e-01 8.95693779e-01 1.04295385e+00 5.82702309e-02
 1.70838165e+00 2.86673307e-01 1.46327889e+00 2.92431355e+00
 2.15743947e+00 2.30411544e-01 2.59685218e-01 1.26210606e+00
 4.57203567e-01 1.30454683e+00 6.46598756e-01 3.71522045e+00
 9.47688103e-01 2.71433368e-02 3.98125082e-01 7.62049437e-01
 1.84111699e-01 4.72771263e+00 9.03478146e-01 2.03205705e+00
 7.07840204e-01 8.00695736e-03 1.38504755e+00 1.44314677e-01
 8.53500187e-01 6.94442928e-01 6.54798388e-01 8.93688574e-02
 2.32042527e+00 3.96019787e-01 7.47887671e-01 1.31713167e-01
 8.12071979e-01 7.01368153e-01 3.58721823e-01 1.29290271e+00
 2.34943342e+00 2.61234856e+00 3.72095078e-01 1.66196227e-01
 1.75898552e+00 1.90022635e+00 1.90228913e-02 4.73240495e-01
 1.55349112e+00 1.01883578e+00 5.44761956e-01 3.45370698e+00
 8.51753652e-01 2.52617806e-01 4.91110206e-01 6.44899786e-01
 5.60379624e-01 0.00000000e+00 2.43322420e+00 4.81967568e-01
 6.70946855e-03 9.67746794e-01 7.71425724e-01 1.29548972e-02
 1.38879150e-01 8.49280238e-01 5.63238822e-02 7.55218327e-01
 8.30016673e-01 0.00000000e+00 3.56576532e-01 1.58860639e-01
 1.26675963e-01 1.03127515e+00 9.38480675e-01 1.13354325e+00
 1.72811031e+00 1.50446916e+00 8.34393263e-01 5.53805865e-02
 2.62511468e+00 7.79578686e-01 2.25936577e-01 5.42076863e-02
 1.49012404e-03 2.50929117e+00 7.66240656e-01 1.32691276e+00
 1.83682132e+00 1.39451456e+00 4.27088052e-01 1.44023985e-01
 3.95735443e-01 4.68894601e-01 1.21040690e+00 2.42088452e-01
 1.37671083e-02 1.55208945e+00 1.23318720e+00 8.90882432e-01
 1.45075583e+00 6.21176213e-02 1.16687710e-03 1.47709593e-01
 1.32218897e-01 6.02894068e-01 1.47270715e+00 7.27872908e-01
 4.03313965e-01 1.11978076e-01 2.36342812e+00 3.05990815e-01
 1.47936912e-02 2.29428392e-02 4.75519076e-02 9.75401774e-02
 5.10731876e-01 5.44412388e-03 1.19610028e-02 2.24517131e+00
 3.13501573e+00 2.87374973e-01 5.43386400e-01 6.36116505e-01
 3.04995090e-01 9.53152299e-01 1.02901554e+00 6.51848137e-01
 1.67981219e+00 1.76587820e+00 1.01633050e-01 2.77689755e-01
 1.63640529e-01 3.47659683e+00 0.00000000e+00 1.00244975e+00
 7.78362229e-02 1.14622200e+00 2.22027346e-01 1.49466708e-01
 4.14148308e-02 1.69144082e+00 7.77084474e-03 3.81329060e-02
 7.38271415e-01 1.10729063e+00 7.67663300e-01 4.28377688e-01
 3.44619244e-01 2.18909240e+00 2.20274353e+00 9.10874009e-01
 9.54503417e-01 1.18423688e+00 1.30234456e+00 8.44454527e-01
 1.79791605e+00 4.44161892e-01 6.18084192e-01 1.83245897e+00
 8.18849981e-01 7.76577294e-01 5.67755163e-01 8.84314060e-01
 0.00000000e+00 3.08470041e-01 1.99749005e+00 3.71921837e-01
 7.50018477e-01 1.45460951e+00 4.07938287e-02 4.28895831e-01
 1.82164562e+00 1.30494177e-01 1.96266502e-01 9.76068854e-01
 2.11621732e-01 8.13493609e-01 3.50074077e+00 2.92694271e-02
 1.66176927e+00 1.08068633e+00 6.11810386e-02 9.85801280e-01]"
IMG_20180506_192010.jpg,https://www.googleapis.com/download/storage/v1/b/python-clustering-api.appspot.com/o/images%2FCombiflame%2FIMG_20180506_192010.jpg?generation=1525615251963676&alt=media,"[1.21840310e+00 3.21940899e-01 1.38290656e+00 3.47636533e+00
 1.26672256e+00 4.69170481e-01 3.13701773e+00 1.14762652e+00
 2.34941292e+00 8.59900117e-02 5.98574758e-01 3.11928582e+00
 3.35949987e-01 1.24117613e+00 1.59120727e+00 1.88485891e-01
 2.04313219e-01 7.22420931e-01 5.80662549e-01 3.49566936e-01
 8.01128209e-01 1.89356990e-02 0.00000000e+00 9.87170637e-01
 3.21114802e+00 7.41661862e-02 1.13143122e+00 1.00496173e+00
 8.37269351e-02 5.76000392e-01 7.85408393e-02 2.84946501e-01
 9.11834478e-01 6.54528663e-02 5.20689115e-02 1.09344518e+00
 2.41415590e-01 6.61291033e-02 1.70009959e+00 9.64112759e-01
 1.91647816e+00 6.19636700e-02 8.62046778e-01 1.59396753e-01
 2.65911251e-01 1.84783590e+00 1.52792379e-01 8.01054895e-01
 1.79663360e-01 1.54967380e+00 3.22440714e-02 3.40806752e-01
 7.24314392e-01 1.35096526e+00 3.21491885e+00 1.65365255e+00
 2.28124350e-01 6.71538234e-01 4.29398447e-01 1.97349727e-01
 8.32377076e-01 2.81786770e-01 2.34927222e-01 2.09499002e+00
 2.19382986e-01 6.45195916e-02 1.24354720e+00 2.20315438e-02
 6.45181417e-01 1.43668041e-01 5.79615831e-01 6.26746356e-01
 2.31829971e-01 1.12254433e-01 4.98479843e-01 7.15984762e-01
 7.91754648e-02 5.95535226e-02 3.47578198e-01 1.72239995e+00
 1.01737404e+00 1.20441043e+00 1.77495432e+00 7.87871983e-03
 1.85829926e+00 2.79516459e-01 1.53242359e-02 1.14616621e+00
 3.07354838e-01 6.23500764e-01 7.91527748e-01 1.97466597e-01
 2.33739927e-01 1.33408594e+00 9.61175859e-01 1.00939490e-01
 1.14747071e+00 7.13301003e-01 1.45182535e-02 3.09694147e+00
 1.79875433e-01 5.96541703e-01 5.72808623e-01 1.97461200e+00
 2.62079048e+00 1.06640148e+00 4.05267000e-01 1.82792580e+00
 1.04776311e+00 3.97125125e-01 2.70844437e-02 8.70417356e-01
 1.94653511e+00 4.68682013e-02 3.41992199e-01 7.54872680e-01
 1.07153821e+00 5.69188893e-02 3.77022058e-01 6.16927966e-02
 1.68204129e-01 0.00000000e+00 4.92967755e-01 2.42070511e-01
 1.38516994e-02 0.00000000e+00 1.78235865e+00 1.30546963e+00
 2.47786716e-01 4.16265726e-01 5.54145098e-01 2.80826479e-01
 1.28079236e+00 4.23291847e-02 2.05551934e+00 1.48232922e-01
 3.27931213e+00 1.44531214e+00 3.20138633e-01 5.28113246e-01
 3.58691931e-01 1.11978948e-01 4.62097198e-01 3.71738374e-02
 1.35149729e+00 2.59592605e+00 7.46678948e-01 1.15732193e+00
 2.96360588e+00 1.37552357e+00 3.26392770e-01 2.41679239e+00
 3.48150656e-02 1.76446661e-02 2.59462619e+00 1.35844126e-01
 3.12816083e-01 3.77597302e-01 3.94860297e-01 2.42876863e+00
 1.84377611e-01 8.14330876e-01 1.16797376e+00 2.36411542e-01
 1.42206013e-01 1.03844976e+00 2.26042345e-02 2.41362318e-01
 1.02454007e+00 5.46544194e-01 2.98291922e-01 1.69163835e+00
 3.01640272e-01 3.48320889e+00 3.68944407e-01 1.51309109e+00
 5.43783247e-01 2.20397204e-01 1.03274369e+00 6.76097810e-01
 2.28000805e-02 0.00000000e+00 1.00296462e+00 2.02970600e+00
 5.75308800e-01 2.15809688e-01 1.05147457e+00 5.04123688e+00
 2.11327481e+00 4.74522449e-02 1.14063358e+00 1.41383529e+00
 6.82762116e-02 1.65140724e+00 8.58149752e-02 5.10328636e-02
 4.83117193e-01 1.03981912e+00 1.32425451e+00 3.19032133e-01
 7.46095181e-01 6.71561658e-01 4.59420353e-01 1.50592804e+00
 3.37061197e-01 5.79645872e-01 1.19320095e-01 2.03595281e+00
 2.85438061e+00 5.50732255e-01 1.79544795e+00 1.38895869e+00
 5.35150170e-02 3.05998653e-01 1.17758811e+00 7.29909241e-01
 3.71945232e-01 4.34411228e-01 6.26037836e-01 7.58111551e-02
 8.43217298e-02 3.38567078e-01 3.18316483e+00 1.32212222e-01
 9.05662477e-01 1.93351483e+00 6.98304176e-02 2.99338680e-02
 7.28937030e-01 4.94510263e-01 5.47844648e-01 2.84075928e+00
 3.95973414e-01 4.95968848e-01 6.48417115e-01 1.83186805e+00
 2.51920009e+00 5.30965388e-01 2.56073177e-01 3.18661928e+00
 2.15940428e+00 2.11926680e-02 7.25072384e-01 1.90367842e+00
 2.05922887e-01 1.92486569e-01 1.38814688e+00 6.38668537e-01
 1.42168021e+00 2.14012548e-01 1.97845891e-01 5.51451463e-03
 5.55779874e-01 3.58515501e+00 1.57156289e-02 1.17809558e+00
 2.97321343e+00 6.35879040e-01 3.62072647e-01 7.64951348e-01
 1.81414235e+00 2.31207871e+00 8.03278446e-01 2.48770207e-01
 1.15389004e-01 1.05682635e+00 1.91007331e-02 4.76184815e-01
 6.19154572e-01 7.52828300e-01 8.11731666e-02 9.70533013e-01
 1.82202965e-01 4.01008427e-02 1.77404237e+00 1.65375507e+00
 3.32701276e-03 1.52255642e+00 1.87435776e-01 1.94295570e-01
 1.99371297e-02 2.31440738e-01 4.89089310e-01 1.52474368e+00
 5.47090411e-01 1.56025493e+00 3.11134768e+00 1.24108732e+00
 1.42746389e+00 7.75460482e-01 5.01337528e-01 2.16015428e-01
 9.55430865e-02 1.10107772e-01 7.17674434e-01 4.16019440e-01
 1.12072313e+00 7.08694935e-01 1.40287433e-04 4.95939523e-01
 1.08550465e+00 5.11086881e-02 1.92839161e-01 3.00163007e-03
 2.80318856e-01 4.22158211e-01 5.35304368e-01 1.08955707e-02
 1.93098456e-01 1.02494396e-02 2.31312811e-01 2.91380640e-02
 4.20429379e-01 1.43570006e+00 2.43272781e+00 1.61425900e+00
 6.76974580e-02 3.90250778e+00 1.95169777e-01 2.14821339e+00
 9.24923241e-01 7.27363288e-01 6.71359181e-01 1.07271351e-01
 6.21177614e-01 2.04328108e+00 7.00560689e-01 1.08451414e+00
 1.07435870e+00 4.93546546e-01 5.01014173e-01 5.61492503e-01
 1.75894809e+00 1.06783383e-01 3.08601499e+00 1.34793997e+00
 2.44482493e+00 3.53118688e-01 7.63660148e-02 1.92714500e+00
 2.43774354e-01 4.75283861e-01 1.28425643e-01 4.65603924e+00
 9.11497235e-01 3.44435453e-01 3.85443389e-01 1.83142948e+00
 3.76947433e-01 3.48637056e+00 3.81512716e-02 2.09767032e+00
 2.50200570e-01 4.15712595e-01 6.63009226e-01 2.19432302e-02
 1.64454508e+00 2.99629122e-01 1.26331949e+00 2.50055075e-01
 2.68458629e+00 3.76105249e-01 1.79588866e+00 1.21119678e+00
 1.74113345e+00 4.36596349e-02 7.41241872e-01 2.09898010e-01
 1.19195890e+00 1.62933803e+00 4.44052415e-03 1.57911554e-01
 2.08013892e+00 6.46670818e-01 2.68553030e-02 1.43913738e-02
 6.92753255e-01 1.40266791e-01 1.68821824e+00 2.11790800e+00
 1.88724577e-01 1.33942455e-01 1.19170141e+00 1.52808651e-01
 4.31661218e-01 6.21542819e-02 2.64696789e+00 3.38215172e-01
 3.09159607e-01 2.57202923e-01 7.28324115e-01 0.00000000e+00
 1.15147305e+00 9.86900330e-01 8.36616307e-02 6.61278367e-01
 6.66911781e-01 1.81235954e-01 1.03120744e+00 1.46889975e-02
 0.00000000e+00 1.27880776e+00 4.22241352e-02 7.59885609e-01
 2.29985952e+00 1.68078208e+00 4.74627018e-01 3.25160958e-02
 2.28626108e+00 1.94286719e-01 5.20280898e-01 1.12258218e-01
 7.21295103e-02 5.06718218e-01 1.23011582e-01 8.93337548e-01
 2.26877213e+00 8.25943947e-01 1.35109156e-01 5.46918273e-01
 1.80419832e-02 5.55664562e-02 5.50139189e-01 6.46037189e-03
 1.79751534e-02 1.63713288e+00 4.50593978e-01 1.51103294e+00
 1.77163088e+00 5.94473183e-01 6.44948557e-02 1.40743002e-01
 1.67901978e-01 2.25823462e-01 3.73732373e-02 4.89412099e-01
 7.78900385e-01 1.45757839e-01 1.29445350e+00 2.53708482e-01
 6.44634724e-01 3.94433597e-03 1.57640472e-01 3.51726748e-02
 1.48007408e-01 1.37950197e-01 1.52216345e-01 1.02871311e+00
 6.05524898e-01 1.68294802e-01 1.71080023e-01 1.27112776e-01
 3.17898631e-01 9.45941627e-01 1.16398001e+00 2.19993666e-01
 1.53703523e+00 3.37557942e-01 2.92289972e-01 2.12746728e-02
 2.66365975e-01 2.20369768e+00 1.78353637e-01 7.03341007e-01
 4.23187464e-01 8.18519652e-01 1.79643944e-01 1.69043303e-01
 3.61587018e-01 1.63044894e+00 1.59459546e-01 5.14928624e-02
 3.59360576e-02 9.30187479e-02 1.72551021e-01 1.03374928e-01
 1.38439977e+00 2.44812298e+00 1.27406478e+00 2.07064199e+00
 7.38065422e-01 1.11416113e+00 2.06800914e+00 2.45712653e-01
 7.77103424e-01 1.66405126e-01 8.49257886e-01 3.57598253e-02
 2.55495101e-01 5.00605822e-01 4.47692215e-01 7.69810438e-01
 4.23994549e-02 7.33052846e-03 9.93935168e-01 1.37994182e-03
 1.25917721e+00 9.81122255e-01 1.61536131e-03 1.23600900e+00
 5.37608266e-01 7.04968050e-02 6.04547620e-01 6.88398421e-01
 3.69419813e-01 1.06277907e+00 1.23512709e+00 8.72056838e-03
 1.47282732e+00 1.35437632e+00 2.60414016e-02 1.83946356e-01]"
