IMG_20180506_191811.jpg,https://www.googleapis.com/download/storage/v1/b/python-clustering-api.appspot.com/o/images%2FLupimox%2FIMG_20180506_191811.jpg?generation=1525615270893245&alt=media,"[2.41661024e+00 2.09761071e+00 3.35479647e-01 2.56197309e+00
 1.66694209e-01 5.65607063e-02 7.20172167e-01 1.15259361e+00
 3.95295806e-02 8.08059424e-03 1.00690198e+00 1.80066442e+00
 1.34986234e+00 2.28734524e-03 7.64979124e-02 1.41443193e-01
 3.80934309e-03 1.82134771e+00 2.03523055e-01 8.02252674e-04
 1.43659338e-01 2.44169295e-01 2.77235568e-01 1.13988864e+00
 7.27314949e-01 1.07658677e-01 3.90781254e-01 1.28063381e-01
 4.71239127e-02 3.29960674e-01 1.07223141e+00 5.23342729e-01
 1.78736627e+00 3.45398813e-01 1.82178617e-01 2.18807793e+00
 2.03772664e-01 4.63108450e-01 1.19268858e+00 1.30019283e+00
 9.57674444e-01 1.00737577e-02 5.81313670e-01 3.42431873e-01
 5.39345481e-02 4.53023046e-01 6.81397080e-01 1.04404390e+00
 2.32720822e-01 9.73004773e-02 2.57495344e-01 1.54944408e+00
 9.05991852e-01 1.36143574e-03 2.17845297e+00 2.04534101e+00
 4.01059121e-01 1.69986010e+00 1.09624445e+00 2.39966065e-01
 5.11705697e-01 8.64651144e-01 3.41432035e-01 9.54692125e-01
 1.26434457e+00 2.20400289e-01 4.28681582e-01 7.05775976e-01
 6.81309044e-01 1.77049816e-01 3.81050259e-02 7.21213043e-01
 1.26123741e-01 6.95737898e-01 3.70439142e-01 3.79401841e-03
 1.02330768e+00 1.83432147e-01 1.47517622e-01 1.14170778e+00
 8.15546751e-01 1.91967940e+00 2.64248276e+00 1.12281382e-01
 9.09515083e-01 1.03473747e+00 1.00942619e-01 2.40937620e-01
 2.40838677e-02 5.85973144e-01 2.09060594e-01 5.54890990e-01
 1.39219180e-01 4.99239475e-01 2.35506162e-01 3.58771890e-01
 1.50576019e+00 2.23757103e-02 7.19981849e-01 1.19890189e+00
 9.41160500e-01 2.12854132e-01 9.84626532e-01 8.79043818e-01
 1.84027159e+00 4.27844971e-01 9.45455074e-01 1.37154150e+00
 5.82465053e-01 1.64163187e-01 6.57397285e-02 1.22636759e+00
 4.63731557e-01 1.68836474e+00 2.34901197e-02 2.97277439e-02
 8.16083252e-01 3.20561171e-01 7.02693164e-01 1.73173606e-01
 8.18522871e-01 3.72906983e-01 2.10971445e-01 6.12805635e-02
 0.00000000e+00 0.00000000e+00 6.70828938e-01 9.58533466e-01
 1.09159780e+00 6.46332800e-01 1.94822979e+00 5.19248426e-01
 6.18661702e-01 9.54456091e-01 1.21994138e+00 1.29419672e+00
 1.17916733e-01 5.90297401e-01 1.26828468e+00 1.55500805e+00
 1.08355451e+00 3.42230380e-01 1.53841901e+00 1.74652970e+00
 6.37033165e-01 8.18479896e-01 7.26133406e-01 9.08189118e-01
 6.61973774e-01 8.12524974e-01 9.76097677e-03 1.27488232e+00
 9.08955932e-01 1.48202740e-02 1.16673017e+00 2.36104578e-01
 8.68287563e-01 1.04059244e-03 6.45912707e-01 8.41256261e-01
 2.36767270e-02 6.65922999e-01 1.47234499e-01 3.00655309e-02
 1.75396338e-01 4.38150913e-02 1.23950057e-01 2.19156653e-01
 1.61404297e-01 7.40560889e-01 1.37728727e+00 1.58981526e+00
 5.11471391e-01 1.15766919e+00 1.39727259e+00 3.16071302e-01
 3.64345521e-01 2.29713514e-01 6.35865331e-01 2.61355639e-01
 9.90235060e-02 1.43133089e-01 1.51090026e+00 2.48680043e+00
 1.15287054e+00 1.17059708e+00 1.59842297e-01 2.73285437e+00
 2.35125089e+00 2.51350641e-01 1.87403142e+00 4.46840763e-01
 6.32377192e-02 9.87369776e-01 4.32582319e-01 4.45223659e-01
 2.49561459e-01 1.07686353e+00 1.19332588e+00 2.64530569e-01
 7.46547461e-01 2.16726851e+00 3.14828269e-02 8.23828876e-01
 6.19998462e-02 1.61313534e+00 2.42248702e+00 3.04340780e-01
 1.37482488e+00 4.08975989e-01 1.00695483e-01 1.98825443e+00
 4.59690899e-01 3.17107260e-01 4.64921087e-01 2.13276958e+00
 4.50696170e-01 2.22517639e-01 4.44238931e-01 6.90007536e-03
 9.67988670e-01 1.04130435e+00 1.21877253e+00 9.03603196e-01
 2.52691191e-02 3.02048147e-01 5.93217790e-01 3.29439603e-02
 1.59198165e-01 2.69652438e+00 5.24282873e-01 1.22734416e+00
 5.60781837e-01 1.08373523e+00 6.60481378e-02 6.17823243e-01
 2.81535363e+00 1.55150557e+00 7.81745836e-02 1.18537712e+00
 2.84009516e-01 7.49812365e-01 4.07157429e-02 5.56177758e-02
 3.70474756e-02 6.00231826e-01 1.01695192e+00 1.89252210e+00
 1.42011201e+00 1.53279233e+00 3.93585920e-01 8.30286145e-01
 3.02279368e-02 1.84824252e+00 2.56500959e-01 5.07843077e-01
 1.83704174e+00 3.43896508e-01 3.78612131e-02 4.55973148e-01
 2.27091408e+00 1.17495811e+00 1.11183262e+00 6.50355935e-01
 5.30669391e-01 2.15765047e+00 9.31693733e-01 2.01690555e+00
 5.73214293e-01 8.44801247e-01 2.02812180e-02 3.27183664e-01
 7.27846473e-02 1.80331126e-01 2.71935910e-02 1.20022094e+00
 6.27620280e-01 8.26543450e-01 1.77031791e+00 4.85076755e-02
 0.00000000e+00 2.65524704e-02 1.58765471e+00 1.09459507e+00
 0.00000000e+00 7.50115931e-01 9.84918296e-01 1.68720043e+00
 3.55303526e-01 1.01620018e+00 2.59302288e-01 5.23122437e-02
 1.68369249e-01 4.07132000e-01 5.62621295e-01 3.52425486e-01
 1.51355457e+00 2.19805501e-02 8.87931764e-01 7.93840885e-01
 9.20557916e-01 9.97228846e-02 1.20091462e+00 4.55761582e-01
 9.20709014e-01 2.22997531e-01 1.58800572e-01 3.78015488e-01
 4.45218012e-03 6.41323701e-02 5.71995601e-02 1.32640690e-01
 9.14052725e-02 4.61214542e-01 7.25682616e-01 1.00706315e+00
 7.52472699e-01 1.08652461e+00 4.23226535e-01 2.05668926e+00
 1.46480405e+00 8.71141404e-02 2.18816447e+00 7.35420704e-01
 2.54736215e-01 7.29873657e-01 1.02423728e+00 1.05414724e+00
 1.77498770e+00 2.13176087e-01 1.58330500e+00 1.49811596e-01
 3.29842615e+00 7.23923966e-02 2.30246067e+00 1.49640948e-01
 2.82357311e+00 4.26785313e-02 3.89529943e-01 1.09550250e+00
 4.61100817e-01 1.81068301e-01 4.80800480e-01 5.27878380e+00
 1.05652690e+00 4.91318494e-01 1.86990190e+00 1.87365627e+00
 8.21429968e-01 1.72042966e+00 1.59501588e+00 7.37933591e-02
 2.42988374e-02 1.75715372e-01 6.89406037e-01 4.70216535e-02
 6.04399443e-01 1.35181820e+00 6.01173222e-01 9.05859053e-01
 1.11231589e+00 1.22647941e+00 9.49269593e-01 2.16826811e-01
 2.91895688e-01 6.88379586e-01 1.96191311e+00 6.27238214e-01
 2.75490379e+00 1.04403591e+00 9.60366204e-02 7.52151072e-01
 3.51556826e+00 7.75219738e-01 3.51518542e-01 1.39930218e-01
 6.62207782e-01 1.95939943e-01 2.51387548e+00 4.86783028e+00
 4.42773327e-02 1.33126974e+00 1.10599706e-02 6.35292470e-01
 6.85763061e-01 1.97440475e-01 2.86939907e+00 1.67421412e+00
 9.21681374e-02 8.13544840e-02 1.36726689e+00 9.00993526e-01
 8.17221999e-01 6.55196905e-01 6.55838996e-02 7.13421404e-01
 3.88474107e-01 8.12103570e-01 5.03299713e-01 6.85581207e-01
 1.03661664e-01 4.48196888e-01 2.39500451e+00 1.54409325e+00
 2.36252403e+00 5.85267425e-01 2.00648665e+00 3.24368715e-01
 4.56734091e-01 2.03631148e-02 6.56722784e-01 5.68294942e-01
 9.17908456e-03 1.20461369e+00 1.56335384e-01 6.84408769e-02
 1.77463889e+00 4.70950574e-01 1.34037316e-01 3.22644323e-01
 2.05081165e-01 8.73675704e-01 9.29279387e-01 8.98867607e-01
 1.64213493e-01 3.10745776e-01 1.35338855e+00 1.53786349e+00
 7.28066504e-01 2.56328106e-01 1.91875651e-01 3.95626985e-02
 1.56332463e-01 2.25531146e-01 3.92971456e-01 1.47961184e-01
 4.06422168e-01 1.14496231e-01 2.29004359e+00 2.69056231e-01
 0.00000000e+00 4.93024707e-01 1.45761341e-01 1.04063785e+00
 8.78646553e-01 8.36853027e-01 1.48440674e-02 2.23776773e-01
 2.19528031e+00 5.70839465e-01 1.02525222e+00 5.72844148e-01
 1.77621222e+00 1.67527974e+00 8.34488988e-01 4.84364212e-01
 2.67135501e-01 1.04039073e+00 1.51225960e+00 3.31148446e-01
 4.78324294e-01 2.13762021e+00 4.03354049e-01 1.92354441e-01
 1.89119548e-01 2.78503269e-01 8.33753943e-01 1.55117810e+00
 3.31885785e-01 6.70286238e-01 1.94491059e-01 4.62738089e-02
 1.23828128e-01 1.26935387e+00 4.54783648e-01 1.77078564e-02
 8.41299951e-01 2.77013206e+00 1.17052495e-01 4.50889498e-01
 1.51629698e+00 3.90668482e-01 3.38732433e+00 4.85358685e-02
 2.77728915e+00 5.54113805e-01 4.33996439e-01 1.83373499e+00
 5.56714773e-01 8.00896212e-02 1.18686128e+00 1.03765333e+00
 6.98000775e-04 1.03299379e+00 7.92634264e-02 4.01904844e-02
 1.37693024e+00 1.18882382e+00 1.67330916e-04 4.52853620e-01
 1.93612605e-01 3.11880141e-01 1.67036593e+00 1.18529999e+00
 2.56686926e-01 1.74111652e+00 2.73736787e+00 1.37567930e-02
 4.76964153e-02 6.65635347e-01 1.21590339e-01 3.55293863e-02]"
IMG_20180506_191820.jpg,https://www.googleapis.com/download/storage/v1/b/python-clustering-api.appspot.com/o/images%2FLupimox%2FIMG_20180506_191820.jpg?generation=1525615273600831&alt=media,"[3.56487131e+00 1.10431425e-01 1.31689012e+00 1.80812895e+00
 1.05022025e+00 1.12819888e-01 2.25630736e+00 2.99953092e-02
 4.57936257e-01 5.59997737e-01 1.36852339e-01 2.45060444e+00
 2.73511350e-01 6.44030690e-01 1.40736789e-01 1.27521148e-02
 3.37139815e-02 5.01603663e-01 3.46823603e-01 9.00926709e-01
 1.87129509e+00 2.89524626e-03 6.16043545e-02 7.04181135e-01
 4.75672150e+00 3.83148529e-02 1.07038724e+00 2.04739437e-01
 2.55366325e-01 8.67923677e-01 6.64636433e-01 2.35458594e-02
 1.81035817e-01 3.94093618e-03 7.82195479e-02 3.60332102e-01
 2.14429080e-01 1.72837877e+00 1.39353728e+00 0.00000000e+00
 1.19620335e+00 5.60464799e-01 3.67074668e-01 0.00000000e+00
 3.87705564e-01 1.47240233e+00 2.13980794e+00 2.97106653e-02
 4.37948108e-01 5.02208285e-02 1.82748556e-01 1.68424702e+00
 2.12901831e+00 6.68024659e-01 1.75548196e+00 4.45923992e-02
 3.08027685e-01 9.35206294e-01 2.85304785e-01 9.90881443e-01
 1.11453235e+00 1.11607707e+00 1.09316349e-01 6.84892684e-02
 2.87984639e-01 3.37928981e-02 6.20203800e-02 4.17791903e-02
 5.95502853e-01 0.00000000e+00 5.98597169e-01 4.68542963e-01
 1.58352828e+00 0.00000000e+00 1.32174444e+00 0.00000000e+00
 1.37057090e+00 7.42348552e-01 3.40014488e-01 9.82418656e-01
 5.12057580e-02 1.92676950e+00 2.57648301e+00 4.68057036e-01
 6.42252147e-01 6.72740400e-01 2.26435647e-03 1.24585867e+00
 6.63642287e-02 1.99854691e-02 1.03164816e+00 5.69666852e-04
 4.88916598e-02 3.91179323e-01 6.28168285e-01 7.22385347e-01
 3.27527761e+00 4.49465454e-01 4.05162685e-02 1.12480283e+00
 1.47992504e+00 4.02929515e-01 5.86631656e-01 5.87682962e-01
 1.68139970e+00 1.68836761e+00 1.03627765e+00 1.98268414e+00
 1.79986835e+00 1.57495677e-01 1.64305186e-03 1.25797242e-01
 1.17038560e+00 2.10853529e+00 5.41806035e-02 2.60597289e-01
 1.09433137e-01 1.61264837e-01 7.91479290e-01 2.83831120e-01
 8.33822638e-02 2.17473245e+00 1.09308910e+00 5.74549986e-03
 1.43841758e-01 1.60533972e-02 4.78170156e-01 3.45441192e-01
 1.50720388e-01 3.07337344e-01 5.17062545e-01 7.23702535e-02
 1.32983136e+00 1.93577092e-02 9.96978998e-01 1.45742583e+00
 7.97881126e-01 5.12673497e-01 1.63844740e+00 3.97878066e-02
 3.59705389e-01 2.68457413e+00 9.75636721e-01 7.55122602e-02
 6.66950524e-01 5.79874702e-02 4.39252481e-02 2.54111737e-01
 2.97428280e-01 2.26620030e+00 6.15996957e-01 8.45135808e-01
 4.71006222e-02 1.43178981e-02 1.63361359e+00 1.51965976e-01
 6.53174967e-02 2.27059349e-02 1.22032486e-01 1.29864359e+00
 9.35192630e-02 4.27786678e-01 1.94371033e+00 1.72475648e+00
 1.47619748e+00 1.82218805e-01 2.64139194e-03 1.03609320e-02
 3.73236835e-01 2.52522922e+00 5.46730384e-02 3.85535032e-01
 2.02569187e-01 7.48325288e-01 2.26024225e-01 5.58778286e-01
 2.61059850e-01 6.34009421e-01 3.58042240e-01 2.67125577e-01
 5.79575241e-01 6.20051064e-02 8.18251848e-01 4.18054628e+00
 3.38450581e-01 1.29863992e-01 7.28071272e-01 2.04922295e+00
 1.82443452e+00 3.57317291e-02 7.90011644e-01 2.64281940e+00
 7.00960979e-02 2.01307321e+00 1.13065684e+00 1.58038330e+00
 4.07211781e-01 2.11145854e+00 1.79573810e+00 5.05702257e-01
 7.97423840e-01 4.66813385e-01 5.36048174e-01 2.53987461e-01
 9.60847259e-01 1.09514153e+00 1.21705383e-01 1.99313387e-02
 2.58599448e+00 4.72373098e-01 3.74248803e-01 1.04060352e+00
 1.37402480e-02 2.41476685e-01 2.73997784e+00 4.08663034e-01
 1.53593779e-01 3.19298878e-02 2.71981265e-02 2.04231050e-02
 5.56690276e-01 1.07709952e-01 4.20405537e-01 1.05647109e-01
 5.38104534e-01 3.22452486e-01 1.60863131e-01 6.30904213e-02
 8.51343498e-02 2.94817686e-01 1.48442400e+00 1.60231936e+00
 2.76406538e-02 1.68470049e+00 1.69919991e+00 1.97689879e+00
 4.92536545e-01 1.56999696e-02 1.52036631e-02 2.67075109e+00
 4.79261994e-01 3.28554101e-02 6.80503920e-02 4.66768622e-01
 4.02411044e-01 5.77842891e-01 2.79198599e+00 5.22148490e-01
 3.66595685e-01 7.97058828e-03 3.10523927e-01 1.33295387e-01
 7.66716152e-02 2.94031763e+00 3.42686862e-01 1.27870634e-01
 1.39763021e+00 1.45947814e+00 3.27519119e-01 1.80030510e-01
 2.92674732e+00 2.88333297e+00 2.60639548e-01 2.93643296e-01
 4.16525491e-02 2.34068260e-02 4.95577008e-01 4.78942320e-03
 1.05994964e+00 5.42600393e-01 1.23599745e-01 9.61310387e-01
 7.24372327e-01 0.00000000e+00 6.26525402e-01 1.60080922e+00
 5.40074520e-03 1.37320721e+00 2.57547230e-01 3.64031941e-01
 3.11171949e-01 5.97694926e-02 3.14348841e+00 6.48952961e-01
 3.54715377e-01 3.72958422e-01 2.31262875e+00 2.01087737e+00
 1.80655554e-01 4.26899463e-01 1.40707180e-01 8.67147148e-02
 4.15949523e-02 1.63710900e-02 7.24519134e-01 6.00574791e-01
 1.46520746e+00 5.39162934e-01 8.75021219e-02 6.74442589e-01
 2.37326503e+00 1.44384861e-01 5.41356564e-01 0.00000000e+00
 3.82845640e-01 1.71339512e-02 2.25222819e-02 7.37578347e-02
 1.04111191e-02 2.18633831e-01 0.00000000e+00 2.30986327e-01
 4.81543213e-01 9.28751349e-01 1.93302572e+00 1.43937969e+00
 6.79123821e-03 2.80632234e+00 9.72736776e-02 1.50349891e+00
 3.49273801e-01 1.16398537e+00 1.04814899e+00 0.00000000e+00
 2.90606141e-01 8.46802473e-01 1.42437625e+00 1.69151768e-01
 1.08341336e+00 8.06834772e-02 4.91029203e-01 9.43085670e-01
 1.20162666e+00 7.03434199e-02 4.78371859e+00 3.52541625e-01
 2.99539065e+00 5.34089049e-03 6.23731576e-02 6.12115681e-01
 2.46244892e-01 1.43109035e+00 3.86443079e-01 4.96351385e+00
 6.56621635e-01 1.94046542e-01 1.16522229e+00 2.34620476e+00
 2.00523641e-02 1.98082292e+00 4.34914902e-02 6.02785408e-01
 8.98483954e-03 2.38928311e-02 1.12070434e-01 0.00000000e+00
 1.53706920e+00 2.67004162e-01 2.91516364e-01 1.64557087e+00
 3.91422391e+00 2.06680894e+00 1.84014988e+00 7.21087635e-01
 7.32245862e-01 1.00264728e+00 5.98800480e-02 2.98861295e-01
 1.16505575e+00 1.19295156e+00 0.00000000e+00 3.62050533e-01
 4.38726455e-01 1.75936985e+00 3.64001364e-01 3.64874415e-02
 8.76631975e-01 0.00000000e+00 1.02544105e+00 3.25049329e+00
 2.31127858e-01 7.51591399e-02 7.42676184e-02 1.83920354e-01
 7.15205371e-01 1.48588240e-01 1.60136211e+00 1.96552229e+00
 4.58039120e-02 2.62610584e-01 7.28501845e-03 6.41253069e-02
 2.05703545e+00 9.47480559e-01 4.53237221e-02 1.32991505e+00
 6.50320351e-02 8.79958048e-02 6.28949344e-01 7.91521788e-01
 5.96737070e-03 1.67216551e+00 6.53936267e-01 1.71012926e+00
 2.42645812e+00 1.20810926e+00 9.95424166e-02 4.46106903e-02
 4.42428017e+00 7.81648327e-03 4.07090932e-01 3.63105267e-01
 0.00000000e+00 1.36156428e+00 1.97892046e+00 5.61089963e-02
 1.42264676e+00 1.74786615e+00 2.11296827e-01 3.19034243e+00
 5.16886860e-02 4.43235114e-02 8.86028633e-02 2.97352963e-04
 1.95318628e-02 3.15672278e-01 4.72428985e-02 1.34078503e+00
 1.12198007e+00 8.57833862e-01 3.87140185e-01 1.24930847e+00
 8.02616775e-03 1.62589416e-01 5.91632677e-04 2.12922662e-01
 3.81446332e-01 1.55250400e-01 2.89626169e+00 2.96716709e-02
 7.66855419e-01 1.98468240e-03 1.04377680e-01 1.05730903e+00
 2.72315573e-02 5.71256101e-01 2.78119624e-01 2.26479456e-01
 8.83451939e-01 2.01726779e-02 1.26425549e-01 5.47235370e-01
 2.41318315e-01 1.07834589e+00 2.77731943e+00 1.63997971e-02
 5.94799221e-01 1.63600296e-01 8.09433684e-02 1.35351479e-01
 3.12763415e-02 1.72394443e+00 2.61575252e-01 1.68667090e+00
 2.27242000e-02 1.80466497e+00 7.40263052e-03 2.94782102e-01
 1.70751032e-03 1.80369243e-01 5.28104976e-02 8.26941431e-02
 1.66245066e-02 2.19590425e+00 5.36144853e-01 5.32702170e-02
 1.43851280e+00 2.38125443e+00 1.71354318e+00 1.16255510e+00
 5.08239329e-01 1.62368870e+00 1.72244632e+00 3.55242133e-01
 6.29713297e-01 1.18007243e+00 2.11154431e-01 5.37755907e-01
 3.67997736e-01 7.66283721e-02 5.92422783e-02 1.96913742e-02
 9.04699937e-02 2.96092749e-01 2.65561100e-02 0.00000000e+00
 3.72584605e+00 4.75539178e-01 1.42698780e-01 4.28181678e-01
 4.57986236e-01 1.45379633e-01 2.16356024e-01 3.71117257e-02
 1.26060173e-02 8.27286184e-01 1.13900876e+00 1.69411147e+00
 3.90412379e-03 2.02238098e-01 5.37494831e-02 3.59959185e-01]"
IMG_20180506_191815.jpg,https://www.googleapis.com/download/storage/v1/b/python-clustering-api.appspot.com/o/images%2FLupimox%2FIMG_20180506_191815.jpg?generation=1525615276604317&alt=media,"[1.27392745e+00 1.45452464e+00 9.71267164e-01 1.74175429e+00
 3.23005259e-01 3.96299750e-01 1.15725994e+00 3.39935213e-01
 8.36248040e-01 3.64780635e-01 9.32100177e-01 2.27486706e+00
 3.95033896e-01 1.78040996e-01 4.24279302e-01 3.78143102e-01
 2.47026165e-03 9.85093772e-01 3.92088899e-03 1.02582738e-01
 7.36857116e-01 2.14641616e-01 1.28695533e-01 1.52054536e+00
 6.70555890e-01 2.84564406e-01 2.82274604e-01 8.44942570e-01
 2.33399123e-01 6.73803031e-01 2.54807293e-01 8.71788204e-01
 1.21649671e+00 1.40482926e+00 3.27986956e-01 1.02568078e+00
 1.20752245e-01 4.43608761e-01 8.69981647e-01 7.16920257e-01
 3.72361839e-01 3.12818497e-01 6.28609002e-01 3.11206520e-01
 1.69360846e-01 1.91300154e+00 6.64778173e-01 4.33014631e-01
 9.89729881e-01 4.41594034e-01 3.97845209e-01 9.96677637e-01
 3.75752866e-01 2.02166345e-02 1.87502861e+00 1.89471197e+00
 3.53672832e-01 1.41170800e+00 1.15634918e+00 8.76760408e-02
 5.92543662e-01 2.42049575e-01 6.60171211e-01 1.68166852e+00
 1.97363675e+00 4.50614512e-01 4.57111627e-01 7.45456934e-01
 7.63008952e-01 3.13157499e-01 8.30901027e-01 1.06396747e+00
 1.56553298e-01 8.17435384e-01 1.34723067e-01 4.96297935e-03
 2.29189694e-01 2.89864838e-01 2.87768781e-01 1.22700202e+00
 4.72226053e-01 2.59920692e+00 1.49863720e+00 3.93074661e-01
 1.38744757e-01 9.52180266e-01 4.28142883e-02 2.65183151e-01
 1.67547747e-01 5.77856660e-01 6.45024359e-01 4.73365813e-01
 1.56521499e-01 5.52488804e-01 1.90176517e-01 8.18165660e-01
 2.17082882e+00 5.04648447e-01 2.65887469e-01 1.62828588e+00
 2.99306095e-01 5.28166234e-01 5.34582138e-01 5.98168850e-01
 1.78471720e+00 1.25909681e-02 2.42388368e-01 4.51641798e-01
 6.31442070e-01 9.34434831e-02 1.37389600e-01 1.34875476e+00
 3.35075676e-01 1.76134789e+00 1.45484209e-02 5.84280230e-02
 1.41729438e+00 1.92441359e-01 3.86745691e-01 4.81782436e-01
 1.46226871e+00 7.70431280e-01 2.67563462e-01 5.79808503e-02
 6.14195541e-02 0.00000000e+00 1.36222064e+00 3.53794098e-01
 2.07610989e+00 1.39182937e+00 1.88709378e+00 1.19146597e+00
 2.09934562e-01 1.59670091e+00 5.42220771e-01 1.22824037e+00
 2.03589559e-01 2.59359360e-01 4.67996716e-01 6.05785847e-01
 1.42313468e+00 9.25582871e-02 1.44912350e+00 2.47834611e+00
 1.88218725e+00 8.83547008e-01 3.86754647e-02 9.99377012e-01
 2.75666595e-01 9.83620763e-01 3.87065142e-01 4.76524979e-01
 2.41805986e-01 1.05247751e-03 6.17631912e-01 1.58090109e-03
 1.93594247e-01 2.66661663e-02 1.70077431e+00 5.59963286e-01
 1.33424234e+00 4.59274441e-01 1.02690792e+00 2.09632635e-01
 3.96344841e-01 2.05285311e-01 2.31007218e-01 1.62728906e-01
 3.31752688e-01 5.84357917e-01 1.88486731e+00 1.21841311e+00
 7.03688323e-01 6.74926996e-01 1.00252473e+00 1.37789047e+00
 4.17661518e-01 1.41029984e-01 1.31639147e+00 8.29591155e-01
 3.08797926e-01 4.57019843e-02 1.46920609e+00 1.23204124e+00
 1.05133080e+00 8.11265886e-01 1.72887802e-01 2.55850244e+00
 2.12828040e+00 2.69806087e-01 9.67613637e-01 5.05277991e-01
 5.36682069e-01 1.01104903e+00 3.80928576e-01 6.53659105e-01
 2.17940658e-01 6.78331673e-01 5.14302671e-01 4.92489964e-01
 8.36970210e-01 8.14550102e-01 2.38784552e-02 3.32949579e-01
 5.39183728e-02 6.88680172e-01 9.70200896e-01 1.00178075e+00
 2.44874644e+00 1.24528468e-01 3.90584767e-02 3.60121906e-01
 1.91499323e-01 6.44532502e-01 8.16958785e-01 2.97027373e+00
 2.87064254e-01 8.66965711e-01 5.41789949e-01 3.20179723e-02
 9.87656057e-01 8.62097263e-01 1.21319091e+00 3.49268973e-01
 7.05195963e-02 3.07476729e-01 3.83313149e-01 7.25112498e-01
 1.02576010e-01 1.58290601e+00 2.48126909e-01 6.02678418e-01
 1.31094325e+00 2.62350112e-01 5.58028258e-02 6.55498207e-01
 2.36080074e+00 2.17264652e+00 4.51027781e-01 1.93585098e+00
 1.48430526e-01 1.90562513e-02 3.56360853e-01 9.90473330e-02
 2.96266139e-01 2.73927897e-01 4.81661499e-01 8.82293463e-01
 1.44239902e+00 8.41376543e-01 1.15128219e+00 3.77647638e-01
 3.58616143e-01 1.23608053e+00 5.34030199e-01 2.55243230e+00
 9.02781844e-01 3.45302373e-01 2.23734695e-02 2.92450309e-01
 2.25581741e+00 1.64355528e+00 6.69773519e-01 6.55385792e-01
 2.94442415e-01 1.94748545e+00 2.05423594e-01 1.59909153e+00
 1.01427829e+00 2.19627762e+00 5.25421202e-02 2.88574696e-01
 8.65976885e-03 1.18279922e+00 1.92110121e-01 6.66323304e-01
 6.52679265e-01 5.14047444e-01 1.65644693e+00 2.81886309e-01
 4.10496384e-01 7.19432414e-01 3.73993576e-01 1.11574161e+00
 3.07873618e-02 5.40679023e-02 6.23778403e-01 2.93218064e+00
 1.09488821e+00 6.29921854e-01 2.14450777e-01 1.84440657e-01
 8.32342803e-02 3.01163137e-01 4.36895907e-01 1.51920244e-01
 2.81859130e-01 2.64165163e-01 8.35887074e-01 5.47028482e-01
 1.08700359e+00 8.46540108e-02 3.12070698e-01 3.68346050e-02
 9.66546059e-01 2.69254923e-01 4.90506217e-02 3.09461486e-02
 8.88143480e-03 2.77062774e-01 3.75558466e-01 7.74910390e-01
 8.76540616e-02 9.93123114e-01 2.47084928e+00 1.58946598e+00
 3.14259320e-01 5.45325935e-01 7.87795603e-01 1.29484320e+00
 1.30791914e+00 0.00000000e+00 1.28141546e+00 7.80111969e-01
 1.38401076e-01 4.46855575e-01 2.25401774e-01 8.31290662e-01
 1.62006366e+00 8.28484148e-02 1.03156257e+00 2.70366579e-01
 2.36822987e+00 1.09086916e-01 2.61948538e+00 5.61270192e-02
 1.71296656e+00 1.85828194e-01 8.83542657e-01 1.40113282e+00
 1.50958046e-01 5.45873903e-02 1.74353600e-01 5.45393038e+00
 4.78788376e-01 1.31635952e+00 8.77425611e-01 2.50033116e+00
 1.82080698e+00 4.47329804e-02 6.01845264e-01 4.82777566e-01
 1.85437515e-01 2.72650719e-01 2.58951843e-01 6.38706088e-01
 5.82145214e-01 1.56298506e+00 2.90842414e-01 2.34098107e-01
 1.91312981e+00 9.05022144e-01 3.52321768e+00 2.22392932e-01
 7.48970270e-01 2.54951846e-02 2.66395271e-01 6.12544894e-01
 2.05117917e+00 8.91780436e-01 9.00415704e-02 1.05426800e+00
 2.15053844e+00 2.34824494e-01 5.38055837e-01 3.15240324e-01
 7.70145118e-01 1.12316333e-01 2.27142954e+00 3.58298326e+00
 2.05256209e-01 1.38798666e+00 0.00000000e+00 1.37579906e+00
 4.32337403e-01 2.06499726e-01 1.08204782e+00 3.85221690e-01
 2.76953459e-01 2.94814050e-01 1.73616040e+00 5.74208140e-01
 2.44530424e-01 1.42885685e+00 7.17141509e-01 5.72834909e-01
 4.30716164e-02 1.50773609e+00 8.20666552e-01 9.13801074e-01
 1.26632303e-02 1.10754025e+00 8.97979558e-01 1.03829861e+00
 6.55783892e-01 1.54790953e-01 1.52650642e+00 2.52451539e-01
 6.89776957e-01 3.33507881e-02 3.77883375e-01 1.08037376e+00
 8.96159112e-01 1.39233005e+00 4.49755192e-01 6.79921925e-01
 1.17436302e+00 2.29263097e-01 6.02263920e-02 1.22320997e-02
 5.13287902e-01 7.18369246e-01 7.11475909e-01 1.32879186e+00
 4.57925022e-01 4.58709925e-01 8.22765052e-01 2.06419635e+00
 9.58410144e-01 1.03179193e+00 2.88100564e-04 1.04374692e-01
 4.12337005e-01 1.34332571e-02 7.49695420e-01 1.17660359e-01
 3.43906820e-01 5.24375618e-01 1.85761666e+00 5.95126688e-01
 3.35148796e-02 4.31907296e-01 6.13357872e-02 5.85295498e-01
 1.36825550e+00 4.65003490e-01 6.90453112e-01 5.27134314e-02
 9.67245400e-01 6.38162553e-01 1.09247649e+00 1.03088295e+00
 8.92054975e-01 1.23950899e+00 1.86142874e+00 3.00060242e-01
 3.81492376e-01 3.89672130e-01 5.47163486e-01 1.17339456e+00
 4.80465174e-01 2.11203122e+00 1.39023483e+00 5.08779109e-01
 7.59555578e-01 1.54857844e-01 7.31352270e-01 1.05704188e+00
 2.06546515e-01 6.97683215e-01 5.88198155e-02 4.26231533e-01
 5.13417125e-01 1.03694904e+00 1.06916726e+00 5.82333282e-02
 8.36213470e-01 3.09586143e+00 1.68825701e-01 1.79256871e-01
 1.52987719e+00 1.23738265e+00 9.91751611e-01 3.50312024e-01
 2.72452664e+00 1.75991431e-01 6.04853511e-01 1.03204107e+00
 9.31482494e-01 2.28187352e-01 4.14823174e-01 5.34091711e-01
 1.32431060e-01 1.61108598e-01 1.47807235e-02 5.59336990e-02
 1.22867036e+00 5.66310346e-01 2.14516133e-01 8.78359973e-01
 5.09117618e-02 2.71001667e-01 1.64310169e+00 8.82787585e-01
 4.18901592e-01 3.72032255e-01 1.79106998e+00 6.48927152e-01
 1.18666641e-01 1.45183921e+00 3.82466495e-01 8.98862630e-03]"
IMG_20180506_191804.jpg,https://www.googleapis.com/download/storage/v1/b/python-clustering-api.appspot.com/o/images%2FLupimox%2FIMG_20180506_191804.jpg?generation=1525615279507357&alt=media,"[4.95640039e+00 2.34469905e-01 4.07489395e+00 1.76683760e+00
 1.23284411e+00 2.38727435e-01 3.12002850e+00 6.80281162e-01
 2.22048879e-01 7.34778792e-02 2.69725233e-01 3.11834693e+00
 3.95396829e-01 8.67975876e-02 4.30080444e-01 1.68204904e-01
 3.34824435e-02 7.45402277e-01 5.57002544e-01 7.93491304e-01
 2.14406276e+00 0.00000000e+00 4.53691006e-01 3.61715823e-01
 4.59483624e+00 1.91801757e-01 1.62111199e+00 2.31719315e-01
 4.85624075e-01 1.46204844e-01 5.27904510e-01 5.73715270e-01
 2.22225443e-01 1.72452891e+00 4.31283712e-01 1.51952922e-01
 6.48595393e-01 3.04137468e+00 3.63421750e+00 8.37653428e-02
 4.35119331e-01 4.75899354e-02 4.50121909e-01 1.02893496e-03
 1.39632714e+00 4.63374281e+00 2.60661769e+00 4.80819792e-01
 2.93260545e-01 7.33827412e-01 1.13909272e-02 5.19546628e-01
 7.80645251e-01 2.84030944e-01 4.63399172e-01 7.94901140e-03
 1.49900898e-01 7.98655272e-01 1.28871441e-01 2.00127697e+00
 7.03718901e-01 5.01732230e-01 9.70712081e-02 8.44920129e-02
 6.26790583e-01 3.50919180e-02 7.04420447e-01 2.67778921e+00
 8.59411359e-02 5.20505384e-02 1.68404043e+00 2.57084280e-01
 1.72204304e+00 1.03339158e-01 1.10359430e+00 0.00000000e+00
 1.32407117e+00 9.15576100e-01 1.57328677e+00 3.13302994e-01
 4.66549188e-01 4.97010410e-01 2.29281139e+00 8.46692920e-01
 2.38043070e-01 5.64984838e-03 3.49105187e-02 1.35504675e+00
 9.86641645e-02 2.19032302e-01 2.54241776e+00 7.18358904e-02
 2.10320681e-01 8.30622613e-02 7.77715087e-01 4.45267260e-01
 2.60838556e+00 5.00116125e-03 8.74707460e-01 1.15730047e+00
 3.44481373e+00 1.69667625e+00 1.23192668e-01 3.94455761e-01
 1.77302897e+00 1.70962834e+00 1.41936123e-01 2.70920849e+00
 3.18746710e+00 3.85257930e-01 4.56541702e-02 2.91011721e-01
 5.23825884e-01 3.71485019e+00 1.43715560e-01 5.77427089e-01
 1.53093487e-01 1.28489041e+00 9.39630270e-02 7.22130358e-01
 2.08489609e+00 1.17022848e+00 7.73661852e-01 3.09326202e-02
 6.08001351e-02 5.65613985e-01 4.66180325e-01 4.31051493e-01
 2.21768713e+00 8.93577516e-01 1.13058126e+00 6.91794157e-02
 2.09643984e+00 1.58022374e-01 1.77119231e+00 2.70761418e+00
 4.16630447e-01 4.91493255e-01 1.57795876e-01 8.36985856e-02
 8.46381664e-01 1.85433924e+00 5.47080696e-01 1.17523241e+00
 1.80788231e+00 1.94873750e-01 7.81303644e-02 9.88687992e-01
 7.73843467e-01 1.13346648e+00 1.06570828e+00 1.41337979e+00
 2.46103227e-01 0.00000000e+00 3.17434788e-01 7.62765780e-02
 5.74550666e-02 0.00000000e+00 1.06638348e+00 1.18948579e+00
 3.27596039e-01 8.89984965e-01 2.01018667e+00 3.06300051e-03
 1.82649279e+00 9.11853969e-01 1.49159031e-02 2.47180477e-01
 2.30939779e-02 1.37100506e+00 2.47087553e-01 8.06897581e-02
 2.11986685e+00 6.07052743e-01 1.65727679e-02 4.78846014e-01
 1.03696477e+00 7.16425598e-01 3.31163049e-01 2.68430024e-01
 2.49964952e+00 4.16886657e-01 6.58220112e-01 4.45044994e+00
 9.79396045e-01 1.39473766e-01 1.21841228e+00 4.40647513e-01
 7.42850006e-01 2.78331697e-01 3.05268943e-01 2.27564812e+00
 8.98649931e-01 8.23373914e-01 6.88133314e-02 1.04104042e+00
 1.29908943e+00 1.34151459e+00 2.99504924e+00 1.01068306e+00
 1.43523884e+00 3.57629359e-01 2.36157879e-01 4.30294424e-01
 8.14125240e-02 2.21356392e+00 2.49418214e-01 4.83118277e-03
 3.70294404e+00 3.36901814e-01 3.98359507e-01 7.31395900e-01
 7.98998550e-02 4.76726532e-01 1.53171790e+00 2.55286038e-01
 1.25511631e-01 9.02960181e-01 5.35788573e-02 2.21388191e-02
 8.37179482e-01 5.38071766e-02 5.25127351e-02 2.10039672e-02
 4.78023052e-01 6.14495397e-01 2.18171880e-01 4.89041537e-01
 8.75810742e-01 2.90886551e-01 2.70217967e+00 2.12900066e+00
 2.00022310e-01 8.45153868e-01 1.05469954e+00 1.96316361e+00
 5.49216986e-01 5.53672016e-02 3.04987580e-02 4.22644281e+00
 8.33542719e-02 1.67790711e-01 1.26164451e-01 2.09180474e-01
 4.44179028e-01 1.10029340e+00 1.38075221e+00 2.35445157e-01
 1.71991897e+00 6.41527236e-01 8.60445127e-02 5.21191120e-01
 0.00000000e+00 4.11894560e+00 2.91328579e-02 3.35684299e-01
 4.81226778e+00 1.38694501e+00 2.18043234e-02 1.27014327e+00
 2.06155252e+00 4.54375982e+00 3.64129096e-02 1.22191536e+00
 1.04717577e+00 4.94872391e-01 2.21959352e-01 4.96919334e-01
 2.47813106e-01 2.70329618e+00 1.45175159e-01 5.44125080e-01
 1.72776103e-01 2.54974872e-01 1.50251836e-01 1.54145932e+00
 1.18844993e-02 6.55671418e-01 1.87174082e-01 9.36336815e-01
 4.03133273e-01 1.13246366e-01 1.14725840e+00 5.74405909e-01
 2.05343890e+00 4.70410474e-02 3.38306189e+00 2.76567268e+00
 3.02381665e-01 5.06210625e-01 1.54963536e-02 0.00000000e+00
 2.96620369e-01 5.17502800e-02 1.07680827e-01 7.22232103e-01
 3.85377973e-01 2.67433897e-02 4.16391224e-01 9.03893113e-01
 2.53179216e+00 0.00000000e+00 4.24546599e-01 3.00954245e-02
 9.17168856e-01 2.09953859e-01 7.94471130e-02 5.65867364e-01
 9.54091623e-02 3.00920576e-01 0.00000000e+00 1.92263246e+00
 4.49835032e-01 1.23786688e+00 3.42645335e+00 1.72130537e+00
 8.92331153e-02 2.79310179e+00 1.89898595e-01 1.02332520e+00
 2.48422116e-01 1.63417175e-01 5.46392918e-01 1.25152797e-01
 3.65405455e-02 6.45734429e-01 5.73903918e-01 6.70097291e-01
 3.26934814e+00 4.24556211e-02 3.29078555e-01 5.06564677e-01
 2.45847344e+00 4.78855520e-01 3.88724899e+00 6.90447271e-01
 2.56731033e+00 1.39197158e-02 2.27925941e-01 6.38237059e-01
 1.44298565e+00 5.91678441e-01 2.70159423e-01 2.84288096e+00
 1.53769028e+00 1.04344714e+00 2.13838553e+00 3.95955706e+00
 8.33338350e-02 1.98454344e+00 2.45457262e-01 2.28055567e-01
 3.39962132e-02 1.63660109e-01 1.57734185e-01 3.49580199e-02
 1.49929059e+00 1.41274258e-01 4.81306285e-01 2.34553576e+00
 4.88005114e+00 1.03250384e+00 2.41712666e+00 3.27991508e-02
 4.64861780e-01 3.24939936e-01 4.58071567e-02 1.14140773e+00
 5.23711503e-01 1.59898019e+00 9.43401903e-02 5.77398181e-01
 2.01829284e-01 1.10516906e+00 1.25839400e+00 3.37163806e-01
 2.08137178e+00 8.69448334e-02 7.55999506e-01 2.62650728e+00
 3.18582535e-01 3.15923914e-02 6.67432249e-02 5.41296065e-01
 1.64242768e+00 4.80057478e-01 8.43942046e-01 2.83478522e+00
 2.43639629e-02 1.27664238e-01 2.04908662e-03 1.10084333e-01
 9.61411357e-01 2.48060417e+00 8.04432631e-01 2.81916690e+00
 1.35379747e-01 1.71317682e-02 1.31572044e+00 7.78027534e-01
 7.07343966e-03 2.43825817e+00 1.55355799e+00 4.62027967e-01
 9.95746672e-01 1.87948298e+00 1.15994239e+00 0.00000000e+00
 3.06749868e+00 6.08066738e-01 1.47657919e+00 2.43991002e-01
 1.10904068e-01 3.08609295e+00 3.61475825e+00 8.87776136e-01
 1.06976140e+00 4.32108831e+00 2.14519787e+00 2.52462888e+00
 9.58648264e-01 2.41268016e-02 3.19299218e-03 9.11253840e-02
 2.22292066e-01 3.64342451e-01 4.20888543e-01 1.99881494e+00
 1.11289358e+00 2.20731997e+00 9.12516844e-03 2.11525291e-01
 2.29023051e+00 6.68524355e-02 7.71602094e-01 1.57705620e-02
 1.54303223e-01 1.99526623e-02 5.05327702e+00 2.96568703e-02
 1.77789426e+00 3.60700995e-01 1.94008842e-01 2.74611497e+00
 3.32500972e-02 5.91667473e-01 9.90158498e-01 1.91368937e-01
 5.96571386e-01 1.14281155e-01 2.70732790e-01 9.70003843e-01
 1.91938901e+00 3.60918581e-01 2.38685632e+00 0.00000000e+00
 1.00686920e+00 4.60243940e-01 1.48546946e+00 2.82251418e-01
 4.77208108e-01 3.01098537e+00 4.75759059e-03 8.09603035e-01
 3.34710091e-01 3.10695839e+00 3.70466039e-02 8.28231219e-03
 4.10859473e-02 8.73733759e-01 1.26277685e+00 3.87158431e-02
 1.12242825e-01 2.28104663e+00 6.10130608e-01 5.79234287e-02
 1.99246109e-01 1.59637308e+00 1.06117499e+00 7.73231268e-01
 8.49445939e-01 1.18288481e+00 5.86651266e-01 3.16634566e-01
 8.76462281e-01 1.14876294e+00 5.11608385e-02 5.99808693e-01
 2.76527643e+00 7.29786456e-02 1.66751549e-01 8.98143500e-02
 0.00000000e+00 2.22333848e-01 1.53161632e-02 2.06724238e-02
 3.57686019e+00 5.08667603e-02 8.94623280e-01 1.49900541e-01
 3.45617145e-01 2.92227328e-01 2.46944740e-01 3.17899659e-02
 1.60944116e+00 7.87560225e-01 8.59617889e-01 1.29432869e+00
 1.56410515e-01 2.22439691e-01 2.93935120e-01 1.17540434e-02]"
