IMG_20180506_192233.jpg,https://www.googleapis.com/download/storage/v1/b/python-clustering-api.appspot.com/o/images%2FSinarest%2FIMG_20180506_192233.jpg?generation=1525615290895804&alt=media,"[2.24890858e-01 3.26391496e-02 1.46515822e+00 1.92841053e+00
 5.39747596e-01 2.71382630e-02 1.65558946e+00 3.78028601e-01
 6.33150160e-01 7.61955738e-01 1.10327363e+00 2.37811923e+00
 2.28071675e-01 0.00000000e+00 2.06020617e+00 6.35870934e-01
 2.47897670e-01 1.04644263e+00 2.66548842e-01 1.07964993e+00
 1.87343681e+00 8.96044075e-03 5.97594335e-05 9.79317009e-01
 9.36826885e-01 4.56036031e-01 8.70723724e-02 3.29349279e-01
 6.80580661e-02 1.22328663e+00 6.37759328e-01 3.64706814e-01
 1.79854178e+00 3.29538494e-01 1.75126088e+00 1.08073807e+00
 1.34608760e-01 1.12621106e-01 3.55945855e-01 1.04777880e-01
 2.80155373e+00 9.93753731e-01 7.25618064e-01 2.61363983e-02
 9.19004738e-01 1.04616773e+00 9.49774384e-01 6.68120608e-02
 9.21060503e-01 3.24386269e-01 3.16577666e-02 4.70213890e-02
 7.13019788e-01 3.02656770e-01 2.79833794e+00 9.32095408e-01
 2.09788531e-01 5.86917400e-01 1.54123291e-01 1.49104905e+00
 5.21585643e-01 1.12918663e+00 3.17458101e-02 1.02125835e+00
 1.60176587e+00 3.50195132e-02 1.25542153e-02 5.38785517e-01
 2.20669448e-01 9.29422200e-01 1.65369548e-02 3.83651197e-01
 1.70455170e+00 7.44342878e-02 1.38621163e+00 7.73637652e-01
 4.36197454e-03 1.18418127e-01 1.72235060e+00 0.00000000e+00
 1.34607792e+00 3.48904657e+00 2.03438830e+00 1.24211594e-01
 2.89451361e-01 2.27324869e-02 3.77768576e-01 9.31235671e-01
 4.35281754e-01 4.97063041e-01 8.18549931e-01 4.57607746e-01
 6.43597484e-01 2.24947315e-02 9.09374237e-01 1.65232137e-01
 9.62035835e-01 8.99673641e-01 1.25828969e+00 1.22914529e+00
 1.26638338e-01 7.72391737e-01 8.77041459e-01 2.11666656e+00
 2.85227680e+00 7.77983606e-01 1.93832350e+00 1.37098300e+00
 1.95017910e+00 1.42416239e-01 8.13733578e-01 1.59000134e+00
 4.75816965e-01 1.08035946e+00 6.69140339e-01 1.40827441e+00
 1.85318494e+00 3.24747562e-02 1.29546773e+00 2.53270894e-01
 6.50265336e-01 0.00000000e+00 5.35145223e-01 1.06406204e-01
 2.35444568e-02 0.00000000e+00 1.16167808e+00 9.96954814e-02
 5.82735360e-01 1.13544948e-02 4.61407095e-01 5.36047935e-01
 2.40847087e+00 5.57794988e-01 1.38843977e+00 1.00661367e-01
 2.65677929e-01 1.18994802e-01 8.89159977e-01 1.96124062e-01
 9.60384071e-01 4.72378790e-01 7.31184840e-01 7.11858928e-01
 1.32771921e+00 3.88045073e-01 2.04374358e-01 1.38949490e+00
 2.84164596e+00 1.65274513e+00 1.44261873e+00 1.26931714e-02
 5.00412583e-02 8.75135660e-02 3.16221309e+00 3.60063724e-02
 2.90848374e-01 7.86365643e-02 4.72174026e-03 8.87377709e-02
 4.50435102e-01 1.49014294e+00 1.09278345e+00 1.66706204e+00
 1.71731576e-01 1.76951259e-01 3.68001685e-02 1.49328113e+00
 1.26752079e+00 2.28736043e+00 4.12089340e-02 7.53046155e-01
 3.22385994e-03 1.45324707e+00 4.01733905e-01 5.78605533e-01
 7.68537894e-02 2.35387534e-01 5.15107810e-01 1.81403786e-01
 2.96801925e-01 2.86319386e-02 1.17404556e+00 1.64700568e+00
 2.05419734e-01 1.51991308e+00 3.33795786e-01 3.56750870e+00
 2.04859352e+00 2.19344832e-02 6.31327093e-01 7.72296309e-01
 4.80518252e-01 1.52642012e+00 0.00000000e+00 1.20231545e+00
 1.20608783e+00 1.60381317e+00 7.06443369e-01 3.13889086e-01
 1.64070904e-01 2.09043771e-02 1.90289050e-01 9.67111886e-01
 6.90867305e-01 1.31119287e+00 2.36451358e-01 1.62369144e+00
 4.33792830e-01 1.92485437e-01 1.85894275e+00 2.18113437e-01
 1.02299869e+00 2.50705123e-01 1.20965970e+00 9.71632302e-01
 1.12611987e-01 3.91922146e-01 2.01332137e-01 3.69276702e-01
 1.56492248e-01 3.46564859e-01 1.65490830e+00 5.10864437e-01
 7.79604852e-01 1.28853619e-01 6.80235401e-02 1.40273140e-03
 2.36411676e-01 6.89984918e-01 1.35973096e+00 1.17137849e+00
 2.21124545e-01 5.76036513e-01 3.73400807e+00 2.00477934e+00
 5.05233705e-01 2.29306161e-01 2.78026909e-02 1.94693673e+00
 1.67490625e+00 1.34258842e+00 5.68839848e-01 2.38602138e+00
 4.61101294e-01 8.99366319e-01 4.16092348e+00 2.11462781e-01
 9.18796122e-01 3.26260887e-02 1.00862694e+00 5.13175249e-01
 1.96016669e-01 4.19223928e+00 5.11959977e-02 1.78271341e+00
 2.24227381e+00 5.42270422e-01 2.89872974e-01 1.00985177e-01
 9.47211266e-01 1.73569846e+00 1.02991736e+00 4.96129096e-02
 8.58411372e-01 2.44125199e+00 1.75801795e-02 4.22175080e-01
 6.42580569e-01 1.49430290e-01 5.83129711e-02 1.12381466e-01
 4.82287973e-01 1.12355545e-01 1.20203745e+00 5.92126429e-01
 4.76058051e-02 5.26911676e-01 6.75797462e-02 4.05481756e-01
 1.26465422e-03 3.90925780e-02 2.81616426e+00 1.92691183e+00
 4.65142667e-01 1.72384381e+00 1.16976643e+00 1.03404319e+00
 1.86540639e+00 3.85520697e-01 8.80716503e-01 1.95481956e-01
 9.46054235e-02 1.40081978e+00 4.64891791e-01 1.79228792e-03
 5.67412555e-01 1.42386332e-01 2.97922753e-02 1.70831490e+00
 1.35637629e+00 1.60969645e-02 2.37617388e-01 1.57496985e-02
 9.97673050e-02 3.20561290e-01 2.80012544e-02 1.63639754e-01
 1.86450005e-01 4.91622239e-02 8.15602243e-02 1.25380218e-01
 4.22955036e-01 1.25607014e+00 1.35848320e+00 1.25288820e+00
 3.78370099e-02 1.32606804e+00 3.77166778e-01 3.92807221e+00
 4.06487256e-01 3.54343146e-01 7.56549597e-01 6.07067287e-01
 1.29902458e+00 1.70788658e+00 1.24149990e+00 4.71996237e-03
 1.12266803e+00 1.39541671e-01 4.38170731e-01 7.65880644e-02
 6.24126434e-01 9.06796694e-01 3.70554090e+00 6.71230555e-01
 1.50934148e+00 1.12740494e-01 7.95515627e-02 6.52640820e-01
 2.10595012e+00 7.09499791e-02 4.32174839e-02 4.58599854e+00
 6.50771022e-01 7.92073309e-01 2.82244384e-01 1.58606219e+00
 5.72088063e-02 2.55190802e+00 1.03684115e+00 1.47857475e+00
 5.71285784e-01 0.00000000e+00 9.77601886e-01 1.93478763e-02
 1.12091526e-02 1.03273075e-02 6.94830537e-01 2.02852115e-02
 2.34921598e+00 1.48604393e-01 5.78137875e-01 1.42772985e+00
 1.07148707e+00 5.75067818e-01 4.46344644e-01 1.04881787e+00
 6.62162364e-01 2.13707376e+00 1.70187116e-01 2.49456409e-02
 8.78776491e-01 2.65724480e-01 4.09536175e-02 3.73630249e-03
 7.77413726e-01 7.61819631e-02 9.26958680e-01 7.16032445e-01
 1.32694647e-01 2.90916741e-01 2.13124707e-01 1.35498956e-01
 3.54008973e-02 3.50627080e-02 7.07873285e-01 2.91022444e+00
 7.86589682e-02 8.56370270e-01 1.65469015e+00 1.26725838e-01
 7.29253352e-01 8.36010218e-01 1.54582784e-02 1.99725997e+00
 8.83641765e-02 3.40203359e-03 8.91392171e-01 1.80919014e-03
 6.88353321e-03 8.95568371e-01 1.28590465e-01 1.85215211e+00
 1.43179619e+00 3.50056672e+00 7.99408495e-01 3.52334678e-01
 3.67248702e+00 3.26190799e-01 0.00000000e+00 1.18923783e+00
 5.02131646e-03 1.99857640e+00 1.41993016e-01 1.25762224e+00
 1.09224379e+00 1.96400449e-01 2.57851452e-01 5.40672183e-01
 1.67494908e-01 5.73295727e-03 1.99785307e-01 1.52951062e-01
 7.84582943e-02 2.37301201e-01 1.57469958e-01 5.69431663e-01
 9.04055238e-01 6.08693659e-01 2.81613529e-01 2.71498531e-01
 3.54472250e-01 1.75765008e-02 1.47827005e+00 1.38089448e-01
 3.03419560e-01 9.44561601e-01 1.53906310e+00 4.55450080e-02
 1.56723876e-02 2.13020816e-02 3.39760631e-01 1.59103468e-01
 2.38434691e-02 9.37299710e-03 1.33632645e-01 7.78114915e-01
 7.90775269e-02 8.61542761e-01 3.71132791e-01 5.69596663e-02
 1.00567922e-01 2.45270208e-01 3.30585861e+00 0.00000000e+00
 4.53629404e-01 1.81074893e+00 4.28781509e-01 8.80526155e-02
 9.69104841e-03 2.33089614e+00 3.60648669e-02 5.66734314e-01
 1.08286691e+00 4.69624430e-01 1.32021084e-01 6.92754567e-01
 1.37637913e-01 1.79059339e+00 4.01127011e-01 1.66558728e-01
 3.29913467e-01 8.27478886e-01 1.08050346e+00 1.34131080e-02
 2.77647853e-01 8.93050849e-01 2.11018896e+00 2.05612564e+00
 2.29928446e+00 1.59764016e+00 1.02214265e+00 5.63097417e-01
 1.58922493e+00 1.44243073e+00 9.81646553e-02 7.12929964e-01
 2.59770900e-01 4.32715798e-03 2.59183407e-01 6.00018561e-01
 1.25006467e-01 0.00000000e+00 1.74620020e+00 5.10165453e-01
 2.58037949e+00 1.47464848e+00 0.00000000e+00 1.58570611e+00
 2.63194233e-01 4.74898238e-03 1.59220859e-01 5.29420555e-01
 4.39593792e-02 2.15297997e-01 1.67576766e+00 7.45803773e-01
 3.69381309e-01 9.46570516e-01 0.00000000e+00 7.03115165e-02]"
IMG_20180506_192227.jpg,https://www.googleapis.com/download/storage/v1/b/python-clustering-api.appspot.com/o/images%2FSinarest%2FIMG_20180506_192227.jpg?generation=1525615293677915&alt=media,"[8.89994264e-01 6.52959883e-01 8.46528113e-01 4.35767508e+00
 1.30932224e+00 3.50369811e-01 2.67107630e+00 1.10665011e+00
 2.91826665e-01 1.56936437e-01 8.94087315e-01 3.48359704e+00
 1.99276522e-01 3.89806092e-01 3.70439440e-01 1.64328970e-03
 1.63497365e+00 1.02450156e+00 4.81282212e-02 5.90730505e-03
 1.50772333e-01 2.22230151e-01 3.53101104e-01 9.27632570e-01
 5.61584532e-01 9.95501041e-01 5.51474206e-02 8.86627376e-01
 1.37327798e-02 9.18121710e-02 1.40185070e+00 1.02894381e-01
 1.39164615e+00 1.87128887e-01 1.26217055e+00 4.61561012e+00
 6.82630062e-01 2.22555533e-01 6.94536567e-01 1.50812164e-01
 2.20238328e+00 1.59857020e-01 8.68548676e-02 1.06248138e-02
 8.87914747e-02 1.82681322e+00 1.73383281e-01 2.61926025e-01
 2.33011171e-01 8.82025361e-01 3.59320343e-01 3.65937173e-01
 6.45315588e-01 1.28749883e+00 3.36324239e+00 1.98777807e+00
 6.92719758e-01 1.59061328e-01 1.54401839e+00 5.45215130e-01
 3.84837091e-01 4.62018877e-01 3.80294323e-01 2.16182634e-01
 1.06578863e+00 3.60799134e-01 3.34534824e-01 4.76285890e-02
 7.15535939e-01 6.24445736e-01 8.18068255e-03 1.13720369e+00
 1.59689382e-01 4.68944937e-01 8.58289063e-01 2.30032042e-01
 9.95001569e-02 1.18573323e-01 2.91313995e-02 4.52495456e-01
 9.41015720e-01 2.22447896e+00 3.71940184e+00 0.00000000e+00
 9.27997291e-01 2.14638472e+00 9.07593369e-02 8.00495684e-01
 3.28597903e-01 1.59002453e-01 1.33972047e-02 7.13248432e-01
 1.27418870e-02 9.75716636e-02 3.16492653e+00 1.80360481e-01
 1.34605527e+00 1.40467018e-01 4.75839883e-01 3.14728832e+00
 1.06865503e-01 1.26549602e-01 4.80782837e-01 2.37558007e+00
 2.87229681e+00 3.30310017e-01 6.27463877e-01 1.48460472e+00
 4.21508789e-01 3.70911807e-02 2.27057815e+00 2.47687554e+00
 8.04113328e-01 4.70823884e-01 1.15918763e-01 2.29352370e-01
 2.14569330e+00 2.99676567e-01 2.61579394e+00 1.31928369e-01
 1.18759656e+00 8.42206627e-02 2.39685863e-01 1.04718795e-02
 6.06655097e-03 0.00000000e+00 3.01429152e+00 1.67920315e+00
 9.66991603e-01 5.45285754e-02 2.01986122e+00 1.03055644e+00
 1.28922224e+00 2.05027413e+00 1.75300741e+00 1.14774138e-01
 2.33669162e-01 2.32645810e-01 8.24658722e-02 2.01177621e+00
 6.87132597e-01 6.09853677e-03 6.65663242e-01 2.79658258e-01
 2.95293599e-01 1.68196350e-01 9.66729641e-01 1.07651412e+00
 2.69006181e+00 8.71765077e-01 4.52761352e-01 5.53952038e-01
 4.88135219e-02 9.27502736e-02 1.33328009e+00 5.95613979e-02
 1.67961240e-01 0.00000000e+00 3.10000569e-01 4.32589442e-01
 4.18670744e-01 7.63014317e-01 5.20707816e-02 2.15434320e-02
 1.06407189e+00 2.78982520e-01 1.73956286e-02 2.63694406e-01
 8.24529350e-01 4.53142822e-01 1.55194134e-01 1.65576792e+00
 3.73218246e-02 3.00039917e-01 6.94268346e-01 9.84967232e-01
 4.61389810e-01 4.95436907e-01 7.52274036e-01 1.42408454e+00
 3.95301916e-03 9.41512734e-02 9.85449016e-01 1.87642145e+00
 4.74399775e-01 2.21983624e+00 3.61534208e-01 4.41398382e+00
 1.64980412e+00 0.00000000e+00 1.79778707e+00 2.03333080e-01
 1.07512161e-01 9.19153929e-01 0.00000000e+00 7.66894370e-02
 1.01208627e+00 2.62002087e+00 2.11431456e+00 1.26929569e+00
 1.28689080e-01 7.44506001e-01 7.37211555e-02 5.59426188e-01
 9.17380691e-01 1.56692982e+00 6.75060987e-01 6.13577999e-02
 3.48148394e+00 8.11727464e-01 6.07143104e-01 1.19648707e+00
 1.87577343e+00 7.09586859e-01 1.06144935e-01 1.54690468e+00
 1.00294456e-01 8.72442648e-02 2.08075857e+00 1.62491143e+00
 1.69500560e-01 1.14135098e+00 2.93149710e-01 1.53304070e-01
 1.38452342e-02 1.54000074e-01 6.22772537e-02 7.48346671e-02
 1.15090059e-02 4.74682003e-01 1.20408285e+00 1.42468667e+00
 8.52780461e-01 1.26614285e+00 1.33394170e+00 1.14272058e+00
 7.96764314e-01 1.52095747e+00 9.46983695e-03 6.77469552e-01
 1.95700395e+00 6.86667860e-01 4.04455662e-01 1.13520575e+00
 6.89420477e-02 2.38895774e-01 4.76225197e-01 1.86549592e+00
 1.75166786e+00 3.69924575e-01 1.23264527e+00 4.15612906e-01
 3.81124616e-01 5.92927635e-02 4.00172591e-01 5.68351984e-01
 6.70501113e-01 4.61560279e-01 5.74537456e-01 9.89691615e-01
 2.55246735e+00 6.07828856e-01 1.65023804e+00 1.36101890e+00
 4.30726707e-01 3.12989640e+00 6.15271702e-02 1.53567624e+00
 5.92584074e-01 5.98632656e-02 4.45989072e-02 1.20954871e-01
 8.62167701e-02 2.35020757e-01 1.28715503e+00 4.42348182e-01
 1.27152896e+00 1.58290410e+00 9.69819069e-01 1.78549254e+00
 5.87622111e-04 1.56389385e-01 3.20964634e-01 1.09279573e+00
 2.02832282e-01 2.46168542e+00 1.58557892e+00 1.13030589e+00
 7.83762097e-01 5.00278950e-01 8.65713418e-01 1.35566041e-01
 0.00000000e+00 2.36129475e+00 2.45564759e-01 2.10224986e+00
 1.97390068e+00 1.58804044e-01 3.05723902e-02 6.89353347e-01
 1.92116082e-01 0.00000000e+00 4.45350379e-01 3.98210168e-01
 1.84383839e-01 6.97547078e-01 5.72230756e-01 3.14119905e-01
 1.81185678e-01 1.18281431e-01 3.48246321e-02 1.23533346e-01
 1.33309886e-01 2.01858020e+00 8.17201734e-01 1.21281147e+00
 7.11911738e-01 2.33309314e-01 9.54560935e-02 2.48046041e+00
 1.39520216e+00 2.12244242e-01 3.08740675e-01 8.21986675e-01
 1.05968761e+00 2.50738335e+00 2.88015790e-02 3.90906274e-01
 1.38741398e+00 1.23195302e+00 1.02125406e+00 1.78549618e-01
 2.92854249e-01 2.21807081e-02 9.50486422e-01 2.77368069e-01
 2.92733788e+00 1.24575174e+00 8.62135231e-01 4.41620648e-01
 6.76904976e-01 1.91100270e-01 5.44695854e-01 6.38023043e+00
 1.52605557e+00 2.19419575e+00 2.39279300e-01 3.68782848e-01
 8.46092165e-01 3.03098750e+00 8.63153279e-01 2.49372792e+00
 8.26666728e-02 6.20668456e-02 9.01553690e-01 1.05543911e-01
 3.84674102e-01 2.02519789e-01 1.65744686e+00 1.73412524e-02
 1.39061677e+00 3.66257459e-01 1.22980094e+00 7.41580904e-01
 8.46890032e-01 4.23097998e-01 6.91908777e-01 4.15160656e-01
 2.32510042e+00 3.69230151e+00 1.67297736e-01 1.16195488e+00
 1.28372276e+00 6.02554142e-01 1.07447043e-01 4.10491467e-01
 1.28850687e+00 8.00914224e-03 1.91565347e+00 1.95452845e+00
 2.80051082e-01 2.55027413e+00 6.55341327e-01 3.20846885e-01
 8.14846814e-01 4.69738603e-01 2.84355330e+00 1.72510421e+00
 1.68749109e-01 1.98630854e-01 3.72045368e-01 4.81266528e-02
 2.90370405e-01 7.37761140e-01 6.42423034e-02 2.51043320e+00
 7.34078407e-01 6.31927073e-01 1.70790446e+00 1.67264253e-01
 0.00000000e+00 4.92040038e-01 2.21518263e-01 9.52606440e-01
 2.99344349e+00 1.44318426e+00 1.80146790e+00 1.10110998e+00
 1.64216414e-01 1.68801863e-02 3.01461052e-02 8.52701217e-02
 1.89660641e-03 1.59918666e+00 1.03627264e-01 2.29097158e-01
 1.74775302e+00 3.10739607e-01 7.69082367e-01 4.60798174e-01
 8.93727411e-03 4.52656001e-01 2.06670952e+00 1.90427527e-01
 5.49175404e-02 1.45686841e+00 2.42076889e-01 2.67414761e+00
 1.99947405e+00 9.27753448e-01 7.01629221e-01 4.05029505e-01
 1.59267649e-01 5.32416463e-01 2.68644869e-01 1.01627541e+00
 4.35142100e-01 9.96365547e-01 8.92792523e-01 6.36576116e-01
 1.66511640e-01 4.90261354e-02 8.05532262e-02 9.10854898e-03
 1.37311518e-01 1.29897565e-01 1.85226962e-01 3.63863587e-01
 1.17986214e+00 1.66165257e+00 2.20251846e+00 8.45342457e-01
 1.11328793e+00 1.39541209e+00 2.58283782e+00 1.06994748e+00
 3.92592609e-01 9.93292034e-01 1.47315502e+00 2.92826623e-01
 4.66558695e-01 3.64328241e+00 4.72766072e-01 8.71781111e-01
 1.79415777e-01 2.36503139e-01 1.02234590e+00 1.11770058e+00
 7.56489098e-01 3.23561639e-01 1.11069396e-01 1.66938221e+00
 9.93923724e-01 8.89719665e-01 4.80195284e-01 3.76452595e-01
 2.66077852e+00 3.15874457e+00 2.50691056e+00 9.50756134e-04
 3.15446806e+00 2.04190040e+00 4.03203964e+00 1.30263078e+00
 2.00948668e+00 1.02458179e+00 1.02276754e+00 1.53718519e+00
 1.81433511e+00 1.53512836e-01 1.27697708e-02 2.68338203e+00
 3.59740585e-01 4.48749326e-02 2.02440810e+00 6.34313881e-01
 1.03779785e-01 2.91230989e+00 0.00000000e+00 9.21162516e-02
 1.93896741e-01 7.59361982e-02 1.23659050e+00 1.37419629e+00
 4.56617475e-01 1.24394841e-01 2.73771381e+00 4.39332366e-01
 1.42086878e-01 1.07133818e+00 5.79999411e-04 4.09166217e-02]"
IMG_20180506_192216.jpg,https://www.googleapis.com/download/storage/v1/b/python-clustering-api.appspot.com/o/images%2FSinarest%2FIMG_20180506_192216.jpg?generation=1525615296426596&alt=media,"[3.76839280e-01 3.92729901e-02 2.19440603e+00 8.00001025e-01
 9.38201904e-01 1.83089882e-01 9.33330476e-01 4.90476340e-01
 3.36082458e-01 1.18870139e+00 4.17758584e-01 1.45673895e+00
 7.87751451e-02 8.41249079e-02 1.90294707e+00 1.92767948e-01
 3.37698996e-01 1.91566899e-01 3.34728626e-03 6.64022565e-01
 2.56651163e+00 5.91017865e-02 8.09793055e-01 4.27346766e-01
 2.76879013e-01 4.85410504e-02 2.44619116e-01 1.23430300e+00
 3.68465334e-02 1.53316355e+00 7.75393128e-01 9.54325557e-01
 1.14784968e+00 1.46938026e+00 2.53650451e+00 1.10033357e+00
 1.94718167e-01 2.51050919e-01 5.29132903e-01 3.02318007e-01
 2.42364931e+00 1.66216171e+00 2.25476980e+00 3.82973731e-01
 5.15188932e-01 1.17128837e+00 8.33942473e-01 4.03178394e-01
 9.33305562e-01 7.29035139e-01 1.80823222e-01 3.36015314e-01
 7.14082658e-01 7.75875688e-01 2.54774976e+00 1.16083848e+00
 8.26081812e-01 1.06954718e+00 3.28638941e-01 1.07867217e+00
 5.24050929e-02 1.91688192e+00 2.51005590e-02 2.36077785e+00
 2.78455067e+00 8.41399841e-03 5.62228374e-02 5.26034117e-01
 1.13861747e-01 7.99708605e-01 2.95195848e-01 2.75893241e-01
 1.93880987e+00 4.48017567e-02 1.92316735e+00 3.37055713e-01
 9.56973955e-02 4.03183460e-01 1.07493985e+00 2.19458252e-01
 2.98440957e+00 3.67921662e+00 1.08389270e+00 2.55804300e-01
 5.70854619e-02 2.30306745e-01 4.10920113e-01 5.70382178e-01
 1.37633717e+00 5.37140906e-01 1.18616819e+00 3.26801717e-01
 1.53757155e+00 0.00000000e+00 1.03743780e+00 1.48784852e+00
 1.08616209e+00 1.15265332e-01 1.17630374e+00 3.40875125e+00
 0.00000000e+00 6.88045800e-01 1.00311375e+00 1.93452489e+00
 2.09478974e+00 5.49761891e-01 1.60269737e+00 1.42453158e+00
 1.19123852e+00 2.29051948e-01 1.13908124e+00 1.60732508e+00
 2.74436861e-01 3.63554358e-01 5.71359694e-01 1.90007472e+00
 2.06258559e+00 4.20944542e-02 7.15634584e-01 5.63912690e-01
 1.59753263e-01 2.98547745e-02 4.80918229e-01 8.77183899e-02
 7.14078471e-02 1.21342987e-01 1.12501740e+00 6.60890698e-01
 8.77973616e-01 4.54738319e-01 6.65275872e-01 5.51414549e-01
 2.41629457e+00 5.89226902e-01 3.06056285e+00 7.49600828e-02
 9.53211904e-01 3.04900080e-01 1.54069066e+00 4.10421282e-01
 1.59378803e+00 4.66546983e-01 1.33019423e+00 1.78415918e+00
 4.29665148e-01 3.17297757e-01 2.53221601e-01 1.54406142e+00
 1.96716952e+00 1.48413551e+00 1.35638261e+00 1.10810705e-01
 1.35380253e-01 6.66467965e-01 2.48005342e+00 2.46841684e-01
 2.69951433e-01 3.24124694e-01 5.86331263e-02 2.00607944e-02
 8.47732306e-01 2.61035264e-01 1.50695577e-01 4.73646402e-01
 1.86499789e-01 9.20330226e-01 1.90287262e-01 1.70283413e+00
 6.96605921e-01 8.46234441e-01 1.76802203e-01 3.61734688e-01
 1.82585090e-01 3.23620886e-01 4.41098511e-02 6.19111955e-01
 3.63238782e-01 6.50675952e-01 9.10777152e-02 7.64435768e-01
 3.12165409e-01 3.10373724e-01 8.02742600e-01 1.67585766e+00
 3.75114858e-01 2.23886347e+00 1.78338647e-01 2.17449212e+00
 5.05605996e-01 1.82524085e-01 1.44160450e-01 7.78689146e-01
 7.57209510e-02 1.32528949e+00 3.09145506e-02 1.16341054e+00
 2.70098567e+00 1.30993211e+00 1.13751793e+00 3.31542969e-01
 2.20513776e-01 1.47680240e-02 1.17192924e-01 2.65856892e-01
 8.06736588e-01 2.46362805e+00 2.65723914e-01 2.36159444e+00
 4.83649343e-01 7.93994516e-02 2.27308846e+00 4.77085978e-01
 1.42432880e+00 8.96777928e-01 1.13820684e+00 1.68419099e+00
 2.44259425e-02 1.31134641e+00 2.35116935e+00 1.46074012e-01
 1.09117424e+00 0.00000000e+00 1.14191628e+00 5.62790394e-01
 1.33606002e-01 7.98456848e-01 1.19795769e-01 1.64975226e-01
 2.23059133e-01 1.24924099e+00 3.18005371e+00 7.56516933e-01
 3.29263210e-01 1.28419507e+00 3.53004980e+00 8.28213692e-01
 8.69552076e-01 1.88227952e-01 9.29418504e-02 1.80455780e+00
 1.01819742e+00 2.84757525e-01 8.44604194e-01 3.17866302e+00
 3.61131400e-01 2.66952962e-01 2.47426462e+00 1.61392736e+00
 6.14531398e-01 9.49975252e-02 1.51976812e+00 1.30787098e+00
 0.00000000e+00 3.16325879e+00 3.59079450e-01 1.68435252e+00
 9.09854829e-01 6.02773055e-02 3.32913548e-01 3.73809427e-01
 8.82780790e-01 1.70724952e+00 1.12681770e+00 1.55469716e-01
 1.47919431e-01 3.03464365e+00 2.41918921e-01 2.57800847e-01
 7.69022703e-01 2.35643893e-01 4.05964196e-01 3.43149602e-01
 3.55077326e-01 3.64839419e-04 5.87717891e-01 4.69852597e-01
 1.44540325e-01 3.76999795e-01 1.12086780e-01 1.52611125e+00
 1.35846017e-02 3.59334350e-01 1.18015909e+00 1.92937028e+00
 1.62076056e+00 1.03348482e+00 1.27941406e+00 2.85521245e+00
 3.51891518e+00 3.60695809e-01 8.40060771e-01 6.07674569e-02
 2.55444497e-01 1.40368307e+00 3.46837968e-01 2.02513114e-02
 5.55805683e-01 6.39766157e-02 7.59670138e-02 1.81925440e+00
 5.07705867e-01 2.05429457e-03 5.55282533e-02 3.48495632e-01
 5.05929105e-02 1.27771163e+00 0.00000000e+00 1.02926470e-01
 4.52866971e-01 5.60890377e-01 5.01582384e-01 3.71186733e-01
 6.89403355e-01 2.04428530e+00 2.77036405e+00 7.57207274e-01
 7.53933787e-02 7.87851930e-01 1.03926504e+00 2.28123140e+00
 3.14665884e-01 5.55037737e-01 1.09780443e+00 1.39877892e+00
 6.67179674e-02 2.19716978e+00 2.32487845e+00 0.00000000e+00
 5.79842806e-01 2.42221326e-01 3.20522696e-01 1.27689436e-01
 1.39482826e-01 8.34327400e-01 3.99406528e+00 2.05853790e-01
 1.50532234e+00 5.31319797e-01 1.13675821e+00 4.92922246e-01
 1.92185807e+00 4.41980064e-02 4.01496679e-01 4.25940084e+00
 8.22976768e-01 1.19567752e+00 4.40640688e-01 1.15005612e+00
 1.43823278e+00 2.71825171e+00 1.01250291e+00 4.74099517e-01
 6.87655151e-01 6.36368692e-01 4.68049288e-01 2.39686608e-01
 2.73023099e-01 2.04426184e-01 3.89373899e-01 3.15775216e-01
 1.49857903e+00 2.32223123e-01 1.31862342e+00 1.87113202e+00
 1.17103112e+00 3.14449489e-01 3.91644627e-01 1.27314246e+00
 2.22522661e-01 1.91065812e+00 5.73475301e-01 7.59530663e-01
 1.35276127e+00 1.01804882e-01 3.04554462e-01 1.40255213e-01
 6.04943931e-01 2.11258903e-02 2.03060603e+00 8.68298113e-01
 5.23058772e-01 8.62553954e-01 3.40221256e-01 3.70516866e-01
 6.05637431e-01 2.33477112e-02 5.79163551e-01 1.54155445e+00
 6.72526002e-01 8.80307496e-01 1.66470897e+00 7.64702931e-02
 7.69423723e-01 2.39426211e-01 3.51127908e-02 1.26597929e+00
 6.88705966e-02 3.11527491e-01 8.21274817e-01 1.24659911e-01
 1.23599872e-01 1.56232417e+00 3.90566856e-01 1.23806095e+00
 1.44410145e+00 3.45666528e+00 1.14081478e+00 6.25174820e-01
 2.23005795e+00 4.45092767e-01 3.36524509e-02 6.25543177e-01
 5.34134991e-02 2.90420222e+00 1.17733264e+00 4.72903669e-01
 7.98719049e-01 3.59288901e-01 1.14346191e-01 1.21809961e-02
 6.17493987e-02 9.78954434e-02 8.70748609e-03 3.21891546e-01
 1.58651620e-02 1.37032461e+00 2.25770399e-01 1.42683256e+00
 8.89691949e-01 1.19962204e+00 2.73025542e-01 6.78246856e-01
 3.31385285e-01 2.46625077e-02 2.11632657e+00 2.81268597e-01
 3.52817893e-01 7.99329698e-01 1.12748230e+00 1.17594719e-01
 6.03671730e-01 3.37670371e-02 6.32537842e-01 2.08267778e-01
 1.95548505e-01 1.37125570e-02 5.41658759e-01 4.94850963e-01
 4.12644058e-01 4.94086683e-01 3.62446874e-01 5.52362025e-01
 1.09664604e-01 3.36290628e-01 4.18655872e+00 0.00000000e+00
 1.30650175e+00 2.03240895e+00 3.58802825e-01 4.22359863e-03
 1.16372079e-01 1.60002017e+00 1.10932700e-01 1.58331144e+00
 7.92627931e-01 9.66249168e-01 4.16143119e-01 2.21170411e-01
 1.57509267e-01 2.05631471e+00 6.81914110e-03 3.67223732e-02
 4.52789843e-01 1.08871973e+00 2.09238720e+00 2.11769238e-01
 3.55127186e-01 1.60804868e+00 1.89347422e+00 7.84549654e-01
 2.50211811e+00 3.57457757e+00 1.42484725e+00 2.09954128e-01
 2.72685456e+00 3.44853550e-02 6.79199472e-02 1.11899413e-01
 7.53151119e-01 2.85443962e-01 3.17167975e-02 1.58406377e+00
 2.48824015e-01 1.92837976e-02 3.21465373e+00 3.40774536e-01
 1.06615674e+00 1.39989507e+00 6.54810295e-03 1.29692650e+00
 3.60112935e-01 2.81960163e-02 8.60929266e-02 5.14877737e-01
 2.99805284e-01 8.69945586e-02 1.16533637e+00 1.62125975e-01
 6.16288045e-03 2.67988175e-01 1.79799292e-02 3.01921695e-01]"
IMG_20180506_192221.jpg,https://www.googleapis.com/download/storage/v1/b/python-clustering-api.appspot.com/o/images%2FSinarest%2FIMG_20180506_192221.jpg?generation=1525615299405675&alt=media,"[1.36379504e+00 1.67121208e+00 6.78340673e-01 2.68364286e+00
 1.28136885e+00 5.55510283e-01 2.21791768e+00 1.82621777e+00
 4.10480082e-01 2.23109186e-01 5.98391294e-01 2.57441688e+00
 6.74956322e-01 1.33624509e-01 1.17077611e-01 3.94152128e-04
 1.31078851e+00 2.70292729e-01 4.17736918e-03 1.52615868e-02
 1.40341267e-01 4.01735529e-02 1.78333610e-01 7.69188404e-01
 9.38995034e-02 1.57418919e+00 1.12018865e-02 1.09013271e+00
 1.00677520e-01 3.53532806e-02 9.90639269e-01 4.38863009e-01
 7.37267077e-01 3.94613564e-01 6.46476567e-01 2.36377239e+00
 1.44873869e+00 3.29355717e-01 7.98126996e-01 6.41860664e-01
 1.41593206e+00 1.29527748e-01 2.60414481e-01 0.00000000e+00
 1.13517821e+00 1.57619846e+00 8.95497441e-01 2.11994559e-01
 2.97367454e-01 3.15789700e-01 5.15396059e-01 6.27320886e-01
 3.96799326e-01 9.33455646e-01 1.89720237e+00 2.29033542e+00
 9.12620366e-01 2.88410485e-01 8.96873236e-01 1.91331530e+00
 4.90278035e-01 3.37199062e-01 1.44530743e-01 1.07615702e-01
 6.00282609e-01 2.29781777e-01 3.78194213e-01 2.41112560e-02
 1.00016248e+00 1.66293141e-02 3.35653067e-01 2.91105223e+00
 6.88107908e-02 8.57770890e-02 6.87859654e-01 0.00000000e+00
 3.05915475e-01 3.92780304e-01 1.15003344e-02 8.00301611e-01
 1.00349534e+00 3.33211994e+00 1.64029372e+00 4.16572154e-01
 6.69504225e-01 1.92098069e+00 2.17579275e-01 3.46867502e-01
 3.61544974e-02 4.68779862e-01 4.36916620e-01 1.78572547e+00
 1.80807367e-01 5.49100041e-01 3.81465793e+00 1.14132687e-01
 1.21702790e+00 5.18863555e-03 9.12447155e-01 2.79643774e+00
 1.66315828e-02 5.59123576e-01 2.21517816e-01 1.19431591e+00
 1.93458474e+00 1.73810884e-01 4.54057783e-01 1.17633092e+00
 7.33930945e-01 1.56368911e-02 1.02968884e+00 1.93392575e+00
 6.99529827e-01 7.46413171e-01 2.38042831e-01 9.00611356e-02
 1.92149058e-01 3.03463519e-01 7.67966628e-01 6.01322204e-02
 1.32836723e+00 6.17755949e-02 8.85156035e-01 3.68061103e-03
 3.92220765e-02 0.00000000e+00 2.17366982e+00 1.82337546e+00
 1.06383085e+00 2.18481198e-02 1.90106356e+00 3.38935137e-01
 1.24868512e+00 2.37542391e+00 1.91159296e+00 5.58762729e-01
 2.86358088e-01 3.00312072e-01 2.68510748e-02 1.65750790e+00
 3.36811483e-01 2.99475323e-02 8.50757122e-01 1.81574613e-01
 3.96731794e-01 8.13352227e-01 1.15361214e+00 1.42328048e+00
 1.59831381e+00 1.73916265e-01 2.80406296e-01 1.76380634e+00
 9.08415094e-02 0.00000000e+00 3.17053556e-01 5.25788255e-02
 1.51670307e-01 1.29613271e-02 6.40750945e-01 4.84791905e-01
 5.01582265e-01 2.93888569e-01 1.54243827e-01 1.68869887e-02
 1.00217652e+00 9.43551302e-01 7.68351629e-02 2.25935370e-01
 4.25794870e-01 4.50578719e-01 1.00662231e-01 2.02444220e+00
 9.27376077e-02 1.36067867e+00 6.59760594e-01 4.68122482e-01
 7.00472176e-01 8.41714680e-01 4.65227127e-01 1.44285953e+00
 6.55991137e-02 4.53439802e-01 5.37412763e-01 1.97042549e+00
 2.07835242e-01 1.04784787e+00 1.66921481e-01 4.12750196e+00
 1.66626775e+00 3.76387388e-02 6.04681075e-01 9.31267381e-01
 3.74165565e-01 8.55751097e-01 0.00000000e+00 4.43214215e-02
 1.00719631e+00 1.55893505e+00 1.83233905e+00 3.09099138e-01
 1.11324906e-01 1.92918205e+00 0.00000000e+00 5.86177170e-01
 7.13089943e-01 1.02918184e+00 9.36504364e-01 2.02667922e-01
 2.05078006e+00 6.95878685e-01 7.74524093e-01 7.25190818e-01
 1.28013241e+00 5.02049029e-01 3.37783784e-01 9.60580885e-01
 5.25484800e-01 5.84166013e-02 8.69589150e-01 1.52071142e+00
 3.58100742e-01 5.02516270e-01 7.41935432e-01 9.55452919e-02
 4.67293650e-01 8.40600014e-01 2.02050909e-01 5.17015085e-02
 3.56201410e-01 7.16953516e-01 1.10832107e+00 1.55359912e+00
 1.36800647e+00 2.66433001e-01 8.35395336e-01 8.31675708e-01
 1.76825202e+00 1.89044499e+00 1.14029495e-03 1.05332053e+00
 1.50424075e+00 4.67662066e-01 8.98180902e-01 3.41917694e-01
 2.43986677e-02 0.00000000e+00 1.26846001e-01 1.13798761e+00
 2.45282364e+00 3.00971776e-01 1.27247202e+00 3.75863910e-01
 3.71172071e-01 5.45057952e-01 3.84978168e-02 6.70653209e-02
 1.81561077e+00 2.70910025e-01 3.58310901e-02 1.66632330e+00
 1.57669175e+00 2.54597008e-01 3.18548173e-01 2.24508572e+00
 6.15546964e-02 1.77219021e+00 4.93082970e-01 1.52235198e+00
 1.16435170e+00 5.15944123e-01 1.16941363e-01 3.71624380e-01
 1.20598339e-01 1.55132031e-04 7.67586291e-01 9.64999676e-01
 1.23059368e+00 1.37400115e+00 6.55229509e-01 5.46189547e-01
 1.13699019e-01 1.79835886e-01 6.47381663e-01 1.01186335e+00
 6.65162131e-02 2.02203441e+00 1.64364004e+00 1.35091209e+00
 1.24759483e+00 8.48192811e-01 6.28221452e-01 3.21137697e-01
 1.21766236e-02 1.65739906e+00 6.69381618e-01 7.53747761e-01
 1.65062809e+00 1.00312293e-01 6.23595595e-01 1.00372732e+00
 3.30598295e-01 0.00000000e+00 1.73629057e+00 1.54393047e-01
 1.03561056e+00 2.25565061e-01 1.11341619e+00 1.47550091e-01
 1.86603859e-01 4.71027017e-01 1.75150439e-01 8.39643553e-02
 1.92622319e-01 7.35286713e-01 1.29046845e+00 1.54479611e+00
 7.22773790e-01 1.26311862e+00 2.09634274e-01 2.35425019e+00
 1.82842457e+00 5.50651491e-01 5.68938494e-01 4.22582328e-01
 6.40781224e-01 2.71409917e+00 1.47139743e-01 3.91825229e-01
 7.93547630e-01 1.72808063e+00 6.55701101e-01 2.66005695e-01
 2.35429808e-01 7.57323205e-02 9.62638080e-01 5.14102876e-01
 2.40482211e+00 1.24942012e-01 1.17079265e-01 1.07553351e+00
 6.29910588e-01 4.90007102e-02 8.32679808e-01 5.39025402e+00
 1.26351273e+00 7.63184309e-01 1.28503704e+00 2.05200386e+00
 2.28262052e-01 2.23366380e+00 1.76605105e+00 1.29992652e+00
 6.36222064e-01 5.79735748e-02 1.82916164e+00 4.60905999e-01
 1.42617464e-01 3.17762285e-01 6.40334427e-01 2.58723134e-03
 1.12717474e+00 1.20027065e+00 1.87900221e+00 7.58847892e-01
 4.62815136e-01 1.16752744e+00 7.18533337e-01 1.25760591e+00
 2.02809215e+00 1.59873796e+00 7.17997327e-02 5.93585849e-01
 7.99063563e-01 1.16486120e+00 4.78896126e-02 5.69056869e-01
 1.10180521e+00 1.88151151e-01 1.43281591e+00 1.22906089e+00
 4.38843131e-01 1.64251041e+00 6.01921022e-01 1.16665117e-01
 6.25140727e-01 5.03509939e-01 3.05184770e+00 1.13292325e+00
 2.53826350e-01 1.74904451e-01 3.46853554e-01 7.23536266e-03
 6.60600141e-02 8.77129436e-01 2.74235103e-02 1.49367487e+00
 6.42865956e-01 1.85240299e-01 1.24035025e+00 2.34776996e-02
 8.97727311e-02 4.06660736e-01 7.52856612e-01 3.82933646e-01
 1.83895457e+00 3.74713033e-01 8.89190972e-01 7.17524171e-01
 3.94649863e-01 2.07150608e-01 3.73955481e-02 5.68775879e-03
 4.58349998e-04 2.18295789e+00 3.45665105e-02 4.97779876e-01
 1.38015449e+00 9.98881683e-02 6.44670904e-01 6.51302338e-02
 3.65929842e-01 9.55164671e-01 1.30789959e+00 6.75320148e-01
 3.57731074e-01 5.60277998e-02 7.93117046e-01 1.94951522e+00
 2.59817195e+00 5.89177549e-01 1.36865962e+00 3.44703972e-01
 7.82316267e-01 8.45448732e-01 9.91644859e-01 1.51818767e-01
 1.39971626e+00 2.09537998e-01 9.15560603e-01 7.34696925e-01
 1.53156385e-01 3.23552430e-01 3.16365868e-01 2.40817115e-01
 1.38599575e-01 1.01781450e-02 1.64442971e-01 6.09267354e-02
 1.84239388e+00 1.90186357e+00 1.05051053e+00 3.97218108e-01
 1.21020925e+00 7.30542839e-01 2.55380821e+00 1.34117079e+00
 3.94064575e-01 9.00173008e-01 1.39186442e+00 1.68606326e-01
 3.06568593e-01 3.51327825e+00 8.00330266e-02 1.03768444e+00
 1.06930703e-01 5.80887973e-01 1.85177767e+00 4.55249637e-01
 6.70356691e-01 3.08926165e-01 9.49846115e-03 6.67027771e-01
 1.49469900e+00 7.02734172e-01 1.02122736e+00 6.39443815e-01
 3.00426412e+00 1.99235773e+00 1.78465188e+00 2.41629537e-02
 2.89586377e+00 2.13179469e+00 2.75110865e+00 8.77310336e-02
 2.40624809e+00 1.35460985e+00 5.37713528e-01 1.68843091e+00
 1.00998545e+00 2.00200289e-01 1.92529023e-01 1.62703550e+00
 8.17964878e-03 1.34587795e-01 1.83318210e+00 1.15856540e+00
 2.32223824e-01 1.89638805e+00 1.07855431e-03 6.01771355e-01
 1.97892785e-01 1.92499876e-01 4.29294199e-01 1.56484210e+00
 3.94589454e-01 2.62308538e-01 2.66790247e+00 3.24116677e-01
 5.06576240e-01 1.11564517e+00 2.19864249e-01 3.61387394e-02]"
